DATE,IRRADIANCE
2010-04-30,0.0004739944997709245
2010-05-01,0.0004777701979037374
2010-05-02,0.00047452986473217607
2010-05-03,0.00047557638026773935
2010-05-04,0.00048566746409051126
2010-05-05,0.0004903466324321926
2010-05-06,0.0004896489554084837
2010-05-07,0.0004896301543340087
2010-05-08,0.0004902423825114964
2010-05-09,0.00047814843128435314
2010-05-10,0.0004699920827988535
2010-05-11,0.00046249103615991766
2010-05-12,0.0004569361335597932
2010-05-13,0.00045064350706525147
2010-05-14,0.000445488520199433
2010-05-15,0.00044577545486390585
2010-05-16,0.00044299615547060966
2010-05-17,0.0004454291483853012
2010-05-18,0.0004443608631845564
2010-05-19,0.00044390177936293196
2010-05-20,0.000442893011495471
2010-05-21,0.00044641099520958965
2010-05-22,0.00044987574801780283
2010-05-23,0.000452145206509158
2010-05-24,0.0004505361430346966
2010-05-25,0.00044977015932090586
2010-05-26,0.00044691251241602004
2010-05-27,0.0004498377966228873
2010-05-28,0.0004504641110543161
2010-05-29,0.00045259925536811346
2010-05-30,0.0004458991170395166
2010-05-31,0.00044841214548796415
2010-06-01,0.00045122604933567356
2010-06-02,0.0004462935612536967
2010-06-03,0.00044320858432911336
2010-06-04,0.00044192749192006886
2010-06-05,0.0004370927927084267
2010-06-06,0.00042894712532870466
2010-06-07,0.00042881714762188494
2010-06-08,0.00043351587373763323
2010-06-09,0.00043657276546582585
2010-06-10,0.000436821166658774
2010-06-11,0.00044188313768245285
2010-06-12,0.00044661507126875216
2010-06-13,0.0004446420352905989
2010-06-14,0.00044440184137783945
2010-06-15,0.00043887455831281835
2010-06-16,0.00043747268500737846
2010-06-17,-1.0
2010-06-18,0.0004397591983433813
2010-06-19,0.000442232470959425
2010-06-20,0.00044775696005672216
2010-06-21,0.0004551159800030291
2010-06-22,0.0004590940370690077
2010-06-23,0.00045830785529688
2010-06-24,0.00045674186549149454
2010-06-25,0.00045649544335901737
2010-06-26,0.00045748607954010373
2010-06-27,0.0004535330226644874
2010-06-28,0.00045389818842522805
2010-06-29,0.00045702423085458577
2010-06-30,0.00045589802903123205
2010-07-01,0.0004562078975141048
2010-07-02,0.00045786731061525643
2010-07-03,0.00045597666758112615
2010-07-04,0.0004534357285592705
2010-07-05,0.00045394198969006533
2010-07-06,0.0004503627133090049
2010-07-07,0.0004505010438151657
2010-07-08,0.0004531778977252543
2010-07-09,0.00045673432759940624
2010-07-10,0.0004593379271682352
2010-07-11,0.00046374200610443944
2010-07-12,0.0004644821165129542
2010-07-13,0.0004687588370870799
2010-07-14,0.0004670188645832241
2010-07-15,0.00046469710650853807
2010-07-16,0.00046667552669532597
2010-07-17,0.00047235641977749765
2010-07-18,0.0004715912800747901
2010-07-19,0.0004707835614681244
2010-07-20,0.0004714424430858344
2010-07-21,0.0004699477867688984
2010-07-22,0.0004692331131082028
2010-07-23,0.00047056487528607244
2010-07-24,0.00046835117973387236
2010-07-25,0.00046759319957345735
2010-07-26,0.00047143935807980597
2010-07-27,0.0004685998428612948
2010-07-28,0.0004679136909544468
2010-07-29,0.00046487755025736993
2010-07-30,0.00046516102156601846
2010-07-31,0.00046571885468438273
2010-08-01,0.00046309959725476796
2010-08-02,0.00046426980406977236
2010-08-03,0.0004650091577786952
2010-08-04,0.00046498919255100185
2010-08-05,0.0004692351212725043
2010-08-06,0.0004740425210911781
2010-08-07,0.0004761778982356191
2010-08-08,0.0004740554140880704
2010-08-09,0.0004760153242386878
2010-08-10,0.00047403536154888565
2010-08-11,0.0004766455967910588
2010-08-12,0.0004733225505333394
2010-08-13,0.0004751970118377357
2010-08-14,0.0004737927520181984
2010-08-15,0.0004691134963650256
2010-08-16,0.00046461017336696397
2010-08-17,0.00046216440387070184
2010-08-18,0.0004602810950018466
2010-08-19,0.00045644302736036485
2010-08-20,0.00045187480282038445
2010-08-21,0.00045068404870107775
2010-08-22,0.00044556366628967226
2010-08-23,0.0004451041168067604
2010-08-24,0.0004410117107909173
2010-08-25,0.0004398624587338418
2010-08-26,0.00044164547580294316
2010-08-27,0.0004388800007291138
2010-08-28,0.00043348863255232567
2010-08-29,0.00043256444041617215
2010-08-30,0.00043538992758840317
2010-08-31,0.000438426184700802
2010-09-01,0.0004476195608731358
2010-09-02,0.0004537029890343547
2010-09-03,0.0004548033175524324
2010-09-04,0.0004588575684465468
2010-09-05,0.00046054372796788806
2010-09-06,0.00045862628030590713
2010-09-07,0.0004524189571384341
2010-09-08,0.00044852454448118806
2010-09-09,0.00044498336501419533
2010-09-10,0.0004455059242900461
2010-09-11,0.00044961582170799375
2010-09-12,0.0004546531708911061
2010-09-13,0.00045486167073249817
2010-09-14,0.0004490405844990164
2010-09-15,0.000448190898168832
2010-09-16,0.00045171935926191514
2010-09-17,0.00045488637988455594
2010-09-18,0.00045520212734118093
2010-09-19,0.0004572936741169542
2010-09-20,0.0004600316169671714
2010-09-21,0.0004618462116923184
2010-09-22,0.0004603738489095122
2010-09-23,0.0004586458380799741
2010-09-24,-1.0
2010-09-25,-1.0
2010-09-26,-1.0
2010-09-27,-1.0
2010-09-28,0.0004725072358269245
2010-09-29,0.0004719733260571957
2010-09-30,0.0004707244515884668
2010-10-01,0.0004707206971943378
2010-10-02,0.0004666827444452792
2010-10-03,0.00045952716027386487
2010-10-04,0.00045737513573840266
2010-10-05,0.0004536274645943194
2010-10-06,0.0004503078234847635
2010-10-07,0.0004502843949012458
2010-10-08,0.00045205396600067616
2010-10-09,0.0004521498922258616
2010-10-10,0.00045385165140032774
2010-10-11,0.0004536515625659376
2010-10-12,0.00045304061495698983
2010-10-13,0.0004594706406351179
2010-10-14,0.00046792346984148026
2010-10-15,0.00047152582556009287
2010-10-16,0.00047513231402263045
2010-10-17,0.00046833197120577097
2010-10-18,0.00047172672930173576
2010-10-19,0.0004777080030180514
2010-10-20,0.000473093066830188
2010-10-21,0.0004700867284554988
2010-10-22,0.0004692033107858151
2010-10-23,0.00046846174518577765
2010-10-24,0.00046690026647411287
2010-10-25,0.0004654000222217292
2010-10-26,0.00046730026951991016
2010-10-27,0.00046099280007183557
2010-10-28,0.00045636095455847686
2010-10-29,0.0004539342189673334
2010-10-30,0.00045528146438300615
2010-10-31,0.0004532415186986327
2010-11-01,0.0004462508659344167
2010-11-02,0.00044659071136266
2010-11-03,0.00044693032396025956
2010-11-04,0.00045109287020750333
2010-11-05,0.0004546244163066148
2010-11-06,0.0004657513054553419
2010-11-07,0.000466226163553074
2010-11-08,0.0004630484618246556
2010-11-09,0.0004633831849787384
2010-11-10,0.00047092715976759786
2010-11-11,0.0004758084251079708
2010-11-12,0.0004735647526104003
2010-11-13,0.0004756427078973502
2010-11-14,0.0004731670487672091
2010-11-15,0.00047796781291253865
2010-11-16,0.0004801287432201207
2010-11-17,0.00047799266758374875
2010-11-18,0.00047366027138195926
2010-11-19,0.0004675174423027784
2010-11-20,0.00046023709001019597
2010-11-21,0.0004561140958685428
2010-11-22,0.0004534968466032296
2010-11-23,0.00045315828174352646
2010-11-24,0.0004549977893475443
2010-11-25,0.0004546921991277486
2010-11-26,0.00045281849452294415
2010-11-27,0.0004522476519923657
2010-11-28,0.0004523259995039553
2010-11-29,0.0004502481315284968
2010-11-30,0.0004507969424594193
2010-12-01,0.00045188117655925447
2010-12-02,0.00045197946019470686
2010-12-03,0.00045694984146393836
2010-12-04,0.00045616601710207766
2010-12-05,0.00045903504360467196
2010-12-06,0.00046078531886450946
2010-12-07,0.00046318586100824177
2010-12-08,0.00046263300464488566
2010-12-09,0.00045980329741723835
2010-12-10,0.00045806457637809217
2010-12-11,0.0004596885992214084
2010-12-12,0.00046579321497119963
2010-12-13,0.00046618978376500314
2010-12-14,0.0004638804239220917
2010-12-15,0.0004635929653886706
2010-12-16,0.00046069826930761337
2010-12-17,0.0004580172535497695
2010-12-18,0.0004578886728268117
2010-12-19,0.0004577033396344632
2010-12-20,0.0004574397462420166
2010-12-21,0.00045796381891705096
2010-12-22,0.0004567532450892031
2010-12-23,0.00045763130765408283
2010-12-24,0.00045258647878654296
2010-12-25,0.0004485359240788967
2010-12-26,0.00044555202475748967
2010-12-27,0.00044627487659454346
2010-12-28,0.00044635465019382536
2010-12-29,0.00044668011832982307
2010-12-30,0.0004494616587180644
2010-12-31,0.0004568219592329114
2011-01-01,0.00046182674122974277
2011-01-02,0.00046603541704826057
2011-01-03,0.00046765306615270674
2011-01-04,0.00046927074436098337
2011-01-05,0.0004637796664610505
2011-01-06,0.0004635756486095488
2011-01-07,0.00046391767682507634
2011-01-08,0.000459309812868014
2011-01-09,0.000456901325378567
2011-01-10,0.0004545946139842271
2011-01-11,0.000450365711003542
2011-01-12,0.0004453776637092232
2011-01-13,0.0004418589815031737
2011-01-14,0.00044120650272816414
2011-01-15,0.0004443001816980541
2011-01-16,0.00044558857916854317
2011-01-17,0.00044871951104141766
2011-01-18,0.0004525767581071705
2011-01-19,0.00045170017983764415
2011-01-20,0.00045261421473696833
2011-01-21,0.0004598649393301457
2011-01-22,0.00045714154839515686
2011-01-23,0.00044981914106756443
2011-01-24,0.000441033742390573
2011-01-25,0.00043499135063029837
2011-01-26,0.00043608355917967856
2011-01-27,0.00043153337901458144
2011-01-28,0.0004321749438531697
2011-01-29,0.0004363628395367414
2011-01-30,0.0004385058709885925
2011-01-31,0.0004413669230416417
2011-02-01,0.0004424904764164238
2011-02-02,0.0004457404429558665
2011-02-03,0.00045119080459699046
2011-02-04,0.0004568639269564301
2011-02-05,0.0004542630922514945
2011-02-06,0.00045200678869150584
2011-02-07,0.0004537632048595697
2011-02-08,0.00046163407387211913
2011-02-09,0.00046398417907767003
2011-02-10,0.00046702014515176415
2011-02-11,0.000468283164082095
2011-02-12,0.0004748491628561169
2011-02-13,0.0004863623180426657
2011-02-14,0.0004908327828161418
2011-02-15,0.0004965959815308452
2011-02-16,0.0004899961058981717
2011-02-17,0.0004873158759437501
2011-02-18,0.0004970130976289512
2011-02-19,0.00048150209477171296
2011-02-20,0.00046953486162237823
2011-02-21,0.00045684602810069924
2011-02-22,0.0004491826111916453
2011-02-23,0.000441962416516617
2011-02-24,0.0004357506113592535
2011-02-25,0.000435635301982984
2011-02-26,0.0004403408674988897
2011-02-27,0.00044222624273970723
2011-02-28,0.0004535384650807828
2011-03-01,0.0004671513161156327
2011-03-02,0.00047144482959993184
2011-03-03,0.00048777949996292586
2011-03-04,0.0004953942261636257
2011-03-05,0.0005056590307503939
2011-03-06,0.0005156800034455955
2011-03-07,0.0005324197118170558
2011-03-08,0.0005271945265121758
2011-03-09,0.0005205468623898922
2011-03-10,0.0005086075398139657
2011-03-11,0.0005047432496212423
2011-03-12,0.0005033341585658492
2011-03-13,0.0004949932917952539
2011-03-14,0.00048522208817303186
2011-03-15,0.00047755311243236076
2011-03-16,0.00046943547204136843
2011-03-17,0.0004609038587659597
2011-03-18,0.0004562226531561464
2011-03-19,0.00045263819629326463
2011-03-20,0.0004526182310655713
2011-03-21,0.0004513108870014548
2011-03-22,0.00044934332254342735
2011-03-23,0.0004591213073581457
2011-03-24,0.000473015068564564
2011-03-25,0.0004827714583370834
2011-03-26,0.0004994592745788394
2011-03-27,0.0005121034919284284
2011-03-28,0.0005159004358574748
2011-03-29,0.0005209316150285304
2011-03-30,0.0005268315435387193
2011-03-31,0.0005277616437524557
2011-04-01,0.0005248042289167644
2011-04-02,0.0005272134440019727
2011-04-03,0.0005325074307620525
2011-04-04,0.0005332636064849794
2011-04-05,0.0005301318014971912
2011-04-06,0.0005281035555526613
2011-04-07,0.0005225831991992892
2011-04-08,0.0005173081299290061
2011-04-09,0.0005166222690604627
2011-04-10,0.0005116523243486881
2011-04-11,0.0005037663504481317
2011-04-12,0.0005039136740379035
2011-04-13,0.000509027624502778
2011-04-14,0.0005113205406814814
2011-04-15,0.0005086663877591491
2011-04-16,0.000499966146890074
2011-04-17,0.0004904134548269212
2011-04-18,0.00048549333587288857
2011-04-19,0.0004810741811525077
2011-04-20,0.0004867548123002052
2011-04-21,0.0004940904909744859
2011-04-22,0.0005090450868010522
2011-04-23,0.0005046644946560264
2011-04-24,0.0005076604429632425
2011-04-25,0.0005150326178409159
2011-04-26,0.0005233724368736149
2011-04-27,0.0005250879912637174
2011-04-28,0.000523871509358287
2011-04-29,0.0005245750653557478
2011-04-30,0.0005198218859732151
2011-05-01,0.0005140572902746499
2011-05-02,0.0005150549113750458
2011-05-03,0.0005195011617615818
2011-05-04,0.0005210511153563856
2011-05-05,0.0005189146031625569
2011-05-06,0.0005122579168528318
2011-05-07,0.0005153844249434768
2011-05-08,0.0005162886227481066
2011-05-09,0.0005196479032747447
2011-05-10,0.0005104271112941207
2011-05-11,0.0004997557844035327
2011-05-12,0.0004912830190733075
2011-05-13,0.00048659608000889415
2011-05-14,0.00048315481399185956
2011-05-15,0.00047913097660057247
2011-05-16,0.000477155321277678
2011-05-17,0.00047458894550800323
2011-05-18,0.00047007325338199735
2011-05-19,0.0004632343479897827
2011-05-20,0.00045991723891347647
2011-05-21,0.00046199522330425685
2011-05-22,0.00047017532051540906
2011-05-23,0.00047416781308129435
2011-05-24,0.0004720574652310461
2011-05-25,0.00046996385208331054
2011-05-26,0.0004694282542914152
2011-05-27,0.0004772604443132877
2011-05-28,0.0004857861204072833
2011-05-29,0.0005009722663089633
2011-05-30,0.0005063050193712115
2011-05-31,0.0005091069033369422
2011-06-01,0.0005175012047402562
2011-06-02,0.0005268314271233977
2011-06-03,0.0005211973912082614
2011-06-04,0.000523444265127182
2011-06-05,0.0005268320092000066
2011-06-06,0.0005203086766414343
2011-06-07,0.0005104364827275276
2011-06-08,0.0004959423094987869
2011-06-09,0.00048324695671908563
2011-06-10,0.00047502593952231115
2011-06-11,0.0004689177731052041
2011-06-12,0.00046723309787921613
2011-06-13,0.00046027568168938165
2011-06-14,0.0004666372260544449
2011-06-15,0.0004764228942804039
2011-06-16,0.0004822128976229578
2011-06-17,0.0004898590850643814
2011-06-18,0.0004901709617115556
2011-06-19,0.000497413391713053
2011-06-20,0.0005051738698966801
2011-06-21,0.0005035956273786724
2011-06-22,0.0004963905666954815
2011-06-23,0.0004971326561644673
2011-06-24,0.0005013378686271608
2011-06-25,0.0004974753246642648
2011-06-26,0.0004877453320659697
2011-06-27,0.0004800712631549687
2011-06-28,0.0004784662451129407
2011-06-29,0.0004796398570761085
2011-06-30,0.0004795976565219462
2011-07-01,0.0004800121823791415
2011-07-02,0.00047591206384822726
2011-07-03,0.00047675595851615066
2011-07-04,0.00047027639811858535
2011-07-05,0.00046576504246331746
2011-07-06,0.0004668396140914409
2011-07-07,0.00046961256884969765
2011-07-08,0.00047113854088820517
2011-07-09,0.00047135766362771386
2011-07-10,0.0004718218115158379
2011-07-11,0.0004743103636428714
2011-07-12,0.0004814060230273754
2011-07-13,0.0004900546045973897
2011-07-14,0.0004967216518707573
2011-07-15,0.0005022306577302517
2011-07-16,0.0005060394760221243
2011-07-17,0.000517413136549294
2011-07-18,0.0005191130912862718
2011-07-19,0.0005174717516638339
2011-07-20,0.0005104559822939336
2011-07-21,0.0005006609717383982
2011-07-22,0.0004936062614433466
2011-07-23,0.00048735248856246466
2011-07-24,0.00047723579336889094
2011-07-25,0.00047193141654133797
2011-07-26,0.00047577742952853436
2011-07-27,0.0004864963993895799
2011-07-28,0.000495967164169997
2011-07-29,0.0005003076512366533
2011-07-30,0.0004974706680513918
2011-07-31,0.0005065379082225263
2011-08-01,0.0005158307612873613
2011-08-02,0.0005103421281091869
2011-08-03,0.0005076478701084851
2011-08-04,0.0005055962828919291
2011-08-05,0.0004980750381946564
2011-08-06,0.0004918682388961315
2011-08-07,0.0004894438316114247
2011-08-08,0.0004926029941998422
2011-08-09,0.000490762060508132
2011-08-10,0.00048461728147231037
2011-08-11,0.00048302052891813224
2011-08-12,0.0004823808267246932
2011-08-13,0.00048224342754110683
2011-08-14,0.00048435266944579786
2011-08-15,0.0004847446107305586
2011-08-16,0.00048608786892145867
2011-08-17,0.0004962765378877522
2011-08-18,0.0004936354816891253
2011-08-19,0.0004893039586022496
2011-08-20,0.0004894852172583342
2011-08-21,0.0004884676891379058
2011-08-22,0.0004969807341694832
2011-08-23,0.00049726472934708
2011-08-24,0.0005078231333754957
2011-08-25,0.0005137023981660603
2011-08-26,0.0005160964210517704
2011-08-27,0.0005153677193447949
2011-08-28,0.0005096484092064202
2011-08-29,0.0005011314642615616
2011-08-30,0.0005056026275269686
2011-08-31,0.0005141767906025052
2011-09-01,0.0005186019116081297
2011-09-02,0.0005210813833400606
2011-09-03,0.0005212138639762998
2011-09-04,0.0005180468433536589
2011-09-05,0.0005187719943933189
2011-09-06,0.000516108178999275
2011-09-07,0.0005118516855873168
2011-09-08,0.0005116547108627857
2011-09-09,0.000517341191880405
2011-09-10,0.0005166630726307629
2011-09-11,0.0005183377652429044
2011-09-12,0.0005332529544830322
2011-09-13,0.000543988891877234
2011-09-14,0.0005618911236524582
2011-09-15,0.0005626322817988694
2011-09-16,0.0005727944662794472
2011-09-17,0.0005703726201318204
2011-09-18,0.000576591701246798
2011-09-19,0.0005660384194925427
2011-09-20,0.0005597064737230539
2011-09-21,0.0005560610443353653
2011-09-22,0.0005622633616439998
2011-09-23,0.0005484733846969904
2011-09-24,0.0005618029390461743
2011-09-25,0.0005652771214954555
2011-09-26,0.0005574358510784805
2011-09-27,0.0005459418753162026
2011-09-28,0.0005450375028885901
2011-09-29,0.0005475561483763158
2011-09-30,0.0005490597104653716
2011-10-01,0.0005507446476258336
2011-10-02,0.0005474857753142715
2011-10-03,0.0005488059250637889
2011-10-04,0.0005580587312579155
2011-10-05,0.0005589777138084173
2011-10-06,0.0005589745123870671
2011-10-07,0.0005575714749284089
2011-10-08,0.0005532392533496021
2011-10-09,0.0005529099144041538
2011-10-10,0.0005570698413066566
2011-10-11,0.0005597680574283004
2011-10-12,0.0005714469007216394
2011-10-13,0.0005713128484785558
2011-10-14,0.0005704417126253247
2011-10-15,0.0005740827182307839
2011-10-16,0.0005791740259155631
2011-10-17,0.0005755330785177647
2011-10-18,0.0005692906561307608
2011-10-19,0.0005671421531587839
2011-10-20,0.0005825326661579312
2011-10-21,0.0005901718395762147
2011-10-22,0.0005898812087252736
2011-10-23,0.0005820535006932914
2011-10-24,0.0005687414086423813
2011-10-25,0.0005609936779364944
2011-10-26,0.0005569400964304805
2011-10-27,0.0005493797361850739
2011-10-28,0.0005453271442092955
2011-10-29,0.0005342738586477934
2011-10-30,0.0005348013364709914
2011-10-31,0.0005323889199644327
2011-11-01,0.0005421240930445492
2011-11-02,0.0005555842653848232
2011-11-03,0.0005680723115801811
2011-11-04,0.0005761070060543716
2011-11-05,0.0005900215473957361
2011-11-06,0.0006053037359379232
2011-11-07,0.0006109629757702352
2011-11-08,0.0006203026860021055
2011-11-09,0.0006358802202157676
2011-11-10,0.0006415520911104977
2011-11-11,0.0006344991270452738
2011-11-12,0.0006257123895920812
2011-11-13,0.0006226810510270298
2011-11-14,0.0006180990021675825
2011-11-15,0.0006049306248314679
2011-11-16,0.0005966597236692905
2011-11-17,0.0005948574398644269
2011-11-18,0.0005915194633416831
2011-11-19,0.000586458423640579
2011-11-20,0.0005894676432944834
2011-11-21,0.0005865496350452304
2011-11-22,0.0005935201188549398
2011-11-23,0.0005846314015798272
2011-11-24,0.0005720584886148572
2011-11-25,0.0005656497087329626
2011-11-26,0.000555791484657675
2011-11-27,0.0005514436634257437
2011-11-28,0.0005580082070082426
2011-11-29,0.0005576607654802501
2011-11-30,0.0005622413591481745
2011-12-01,0.0005701426998712122
2011-12-02,0.0005864085978828371
2011-12-03,0.0006027553463354707
2011-12-04,0.0006191598367877305
2011-12-05,0.0006221644580364227
2011-12-06,0.000612411240581423
2011-12-07,0.0006157876923680304
2011-12-08,0.0006139838951639831
2011-12-09,0.0006025619804859161
2011-12-10,0.0005903434939682484
2011-12-11,0.0005823291721753776
2011-12-12,0.0005673222476616503
2011-12-13,0.0005664625787176193
2011-12-14,0.0005643125041387974
2011-12-15,0.0005563583690673113
2011-12-16,0.0005531521164812149
2011-12-17,0.0005648291553370656
2011-12-18,0.0005704836803488432
2011-12-19,0.0005714648868888618
2011-12-20,0.0005761266802437602
2011-12-21,0.0005844365805387497
2011-12-22,0.0005741197965107857
2011-12-23,0.0005591982626356183
2011-12-24,0.0005560864228755237
2011-12-25,0.000564402958843857
2011-12-26,0.0005643637268804014
2011-12-27,0.0005581314326263964
2011-12-28,0.0005582519224844873
2011-12-29,0.0005572968511842191
2011-12-30,0.0005568588967435062
2011-12-31,0.000560290995053947
2012-01-01,0.0005561583675444126
2012-01-02,0.0005519044934771955
2012-01-03,0.000557325198315084
2012-01-04,0.0005670411046594381
2012-01-05,0.0005690086400136353
2012-01-06,0.0005561760044656693
2012-01-07,0.0005461982218548657
2012-01-08,0.0005393164465203881
2012-01-09,0.000530579942278564
2012-01-10,0.0005269097746349871
2012-01-11,0.0005208673537708818
2012-01-12,0.0005190550000406802
2012-01-13,0.0005253026611171663
2012-01-14,0.0005355594330467284
2012-01-15,0.0005429025623016058
2012-01-16,0.0005570198991335927
2012-01-17,0.0005634221597574651
2012-01-18,0.0005646969075314702
2012-01-19,0.0005606784834526478
2012-01-20,0.0005449262098409235
2012-01-21,0.0005416452186182141
2012-01-22,0.0005409956793300806
2012-01-23,0.0005488467286340891
2012-01-24,0.0005317977047525346
2012-01-25,0.0005219404702074826
2012-01-26,0.0005212607211433351
2012-01-27,0.0005178347346372902
2012-01-28,0.0005120799760334194
2012-01-29,0.0005154403625056149
2012-01-30,0.0005202969186939299
2012-01-31,0.0005280632758513093
2012-02-01,0.0005240121972747146
2012-02-02,0.0005189899238757789
2012-02-03,0.0005100896814838052
2012-02-04,0.0005019573727622628
2012-02-05,0.0004955714684911072
2012-02-06,0.0004927125410176814
2012-02-07,0.0004892566939815879
2012-02-08,0.0004880574124399573
2012-02-09,0.0004905341775156559
2012-02-10,0.0004984870902262628
2012-02-11,0.0005001378594897686
2012-02-12,0.0005056233494542539
2012-02-13,0.0005076428642496467
2012-02-14,0.0005137750413268805
2012-02-15,0.0005110714118927717
2012-02-16,0.0005032615154050291
2012-02-17,0.0005032802000641823
2012-02-18,0.0004983594990335405
2012-02-19,0.0004963205428794026
2012-02-20,0.0005053869099356233
2012-02-21,0.0004953848547302186
2012-02-22,0.0004903074586763978
2012-02-23,0.0004902301589027047
2012-02-24,0.0004959666403010489
2012-02-25,0.0005031877662986517
2012-02-26,0.0005086634191684425
2012-02-27,0.0005129391793161631
2012-02-28,0.0005142294685356318
2012-02-29,0.0005135223036631942
2012-03-01,0.0005176751874387263
2012-03-02,0.0005060207331553102
2012-03-03,0.0005069528706371784
2012-03-04,0.0005120356217958033
2012-03-05,0.0005218981532379985
2012-03-06,0.0005173347308300437
2012-03-07,0.0005240490427240728
2012-03-08,0.000514731218572706
2012-03-09,0.0005215186974965036
2012-03-10,0.0005188935319893061
2012-03-11,0.0005071533960290253
2012-03-12,0.0005080231931060553
2012-03-13,-1.0
2012-03-14,0.0005294916918501258
2012-03-15,0.000519151333719492
2012-03-16,0.0005074727814644575
2012-03-17,0.0005086073651909828
2012-03-18,0.0005048354505561292
2012-03-19,0.0005043467390350997
2012-03-20,-1.0
2012-03-21,0.0005026862490922213
2012-03-22,0.0005061406991444528
2012-03-23,0.0005108217592351139
2012-03-24,0.0005156024708412588
2012-03-25,0.0005214635166339576
2012-03-26,0.0005241574835963547
2012-03-27,0.0005323780351318419
2012-03-28,0.0005319476476870476
2012-03-29,0.0005269269458949566
2012-03-30,0.0005274402792565526
2012-03-31,0.0005274775321595371
2012-04-01,0.0005250758258625865
2012-04-02,0.0005281232297420502
2012-04-03,0.000520118570420891
2012-04-04,0.0005145068862475455
2012-04-05,0.0005159392603673041
2012-04-06,0.0005077652167528868
2012-04-07,0.0005027285660617054
2012-04-08,0.0004963156534358858
2012-04-09,0.0004918217309750618
2012-04-10,0.0004890049458481371
2012-04-11,0.000496711116284132
2012-04-12,0.0005017221556045115
2012-04-13,0.0005101768183521925
2012-04-14,0.0005148209747858347
2012-04-15,0.0005192324169911443
2012-04-16,0.0005326576647348702
2012-04-17,0.0005362611263990402
2012-04-18,0.0005518690450116992
2012-04-19,0.0005663868505507707
2012-04-20,0.0005697362939827143
2012-04-21,0.0005738131585530938
2012-04-22,0.0005731942364946008
2012-04-23,0.000561281165573746
2012-04-24,0.0005500568076968193
2012-04-25,0.0005443472182378173
2012-04-26,0.0005384950782172382
2012-04-27,0.0005388156278058887
2012-04-28,0.0005368778947740793
2012-04-29,0.0005290031549520791
2012-04-30,0.0005231979885138571
2012-05-01,0.0005199493607506156
2012-05-02,0.0005166581249795853
2012-05-03,0.0005181097658351064
2012-05-04,0.0005151941440999508
2012-05-05,0.0005161825683899224
2012-05-06,0.0005091872881166637
2012-05-07,0.0005358427297323941
2012-05-08,0.0005348479025997221
2012-05-09,0.0005433785263448954
2012-05-10,0.0005574004026129842
2012-05-11,0.0005652897525578737
2012-05-12,0.0005650262464769185
2012-05-13,0.0005627806531265378
2012-05-14,0.0005703607457689941
2012-05-15,0.000580109772272408
2012-05-16,0.0005880480748601258
2012-05-17,0.0005935390363447367
2012-05-18,0.0005936526576988398
2012-05-19,0.0005924714496359228
2012-05-20,0.0005883628618903457
2012-05-21,0.0005822484963573514
2012-05-22,0.0005728072137571871
2012-05-23,0.0005614880938082933
2012-05-24,0.0005578565178439021
2012-05-25,0.0005566953332163393
2012-05-26,0.0005543898441828787
2012-05-27,0.0005522745777852833
2012-05-28,0.0005484140710905193
2012-05-29,0.0005397321074269712
2012-05-30,0.0005371071747504175
2012-05-31,0.0005425640847533941
2012-06-01,0.0005505071603693068
2012-06-02,0.0005646728095598519
2012-06-03,0.0005741729401051997
2012-06-04,0.0005733988364227116
2012-06-05,0.0005842131213285028
2012-06-06,0.0005907657323405148
2012-06-07,0.0005931714549660683
2012-06-08,0.0005824388936161995
2012-06-09,0.000589515024330467
2012-06-10,0.0005885590217076242
2012-06-11,0.000598579179495573
2012-06-12,0.0006000162102282048
2012-06-13,0.0005982706788927318
2012-06-14,0.0005988938501104712
2012-06-15,0.0005913313943892717
2012-06-16,0.0005746361566707492
2012-06-17,0.0005566249019466339
2012-06-18,0.0005422358517535031
2012-06-19,0.0005250771646387875
2012-06-20,0.000509407720528543
2012-06-21,0.0005003759870305657
2012-06-22,0.0004973504110239446
2012-06-23,0.0004921557265333831
2012-06-24,0.0004912511794827877
2012-06-25,0.0004938055644743145
2012-06-26,0.0005006812862120569
2012-06-27,0.0005157445557415485
2012-06-28,0.0005343438242562115
2012-06-29,0.0005493266507983208
2012-06-30,0.0005562526639550924
2012-07-01,0.0005684065981768073
2012-07-02,0.000578120700083673
2012-07-03,0.0005758906481787562
2012-07-04,0.0005832178867422044
2012-07-05,0.000579953077249229
2012-07-06,0.0005778518388979138
2012-07-07,0.0005727834650315343
2012-07-08,0.0005892629851587117
2012-07-09,0.0006022897432558239
2012-07-10,0.000601649924647063
2012-07-11,0.0005952981300652027
2012-07-12,0.0005953876534476876
2012-07-13,0.0005754310986958443
2012-07-14,0.0005644442862831056
2012-07-15,0.0005506023881025612
2012-07-16,0.0005377212655730546
2012-07-17,0.0005219987360760571
2012-07-18,0.0004995290655642748
2012-07-19,0.0004916188772767782
2012-07-20,0.00048427004367113113
2012-07-21,0.00048455456271767616
2012-07-22,0.0004891144344583154
2012-07-23,0.0004934123717248441
2012-07-24,0.0005005066050216557
2012-07-25,0.0005115813110023737
2012-07-26,0.0005291140405461191
2012-07-27,0.000545994087588042
2012-07-28,0.0005528103793039918
2012-07-29,0.0005610518273897469
2012-07-30,0.0005660174647346139
2012-07-31,0.0005698042223230004
2012-08-01,0.0005699866451323032
2012-08-02,0.000569536758121103
2012-08-03,0.0005778564373031259
2012-08-04,0.0005915708024986088
2012-08-05,0.0005859117954969406
2012-08-06,0.0005826818523928522
2012-08-07,0.000580089574214071
2012-08-08,0.000580006220843643
2012-08-09,0.0005798620986752213
2012-08-10,0.0005658176960423589
2012-08-11,0.0005590907530859113
2012-08-12,0.0005416525527834891
2012-08-13,0.0005248106317594646
2012-08-14,0.0005123402806930244
2012-08-15,0.0005000973469577731
2012-08-16,0.0004923302331008017
2012-08-17,0.0004852299171034247
2012-08-18,0.00048622235772199934
2012-08-19,0.0004900674684904517
2012-08-20,0.0004936311161145568
2012-08-21,0.0004986642161384225
2012-08-22,0.0005031561013311149
2012-08-23,0.0005113647202961147
2012-08-24,0.0005203582113608718
2012-08-25,0.0005292899440973997
2012-08-26,0.0005389442667365074
2012-08-27,0.0005463509587571025
2012-08-28,0.0005492915515787901
2012-08-29,0.0005556961987167597
2012-08-30,0.0005750551354140043
2012-08-31,0.0005861623212695122
2012-09-01,0.0005914097419008613
2012-09-02,0.0005971171194687487
2012-09-03,0.0005950950435362756
2012-09-04,0.0005971969221718608
2012-09-05,0.0005884097772650421
2012-09-06,0.0005748237017542124
2012-09-07,0.0005643104086630046
2012-09-08,0.0005493429489433764
2012-09-09,0.0005346825928427278
2012-09-10,0.0005161938024684787
2012-09-11,0.0005043447017669678
2012-09-12,0.0004968788125552237
2012-09-13,0.0004958721110597253
2012-09-14,0.0004953442257829009
2012-09-15,0.0004923385567963123
2012-09-16,0.0004939757054671644
2012-09-17,0.000499333196785301
2012-09-18,0.000508342229295522
2012-09-19,0.0005210862145759165
2012-09-20,0.0005364391254261137
2012-09-21,0.0005437674117274582
2012-09-22,0.0005599057185463606
2012-09-23,0.0005720222252421081
2012-09-24,0.0005903927958570421
2012-09-25,0.0006066255155019463
2012-09-26,0.0006129471585154532
2012-09-27,0.0006107876542955638
2012-09-28,0.0006117201410233973
2012-09-29,0.0006000950234010817
2012-09-30,0.0005847532884217799
2012-10-01,0.0005659110611304642
2012-10-02,0.0005506078014150262
2012-10-03,0.0005355237517505884
2012-10-04,0.0005210923263803124
2012-10-05,0.0005135650862939656
2012-10-06,0.0004947752458974719
2012-10-07,0.00048659168533049524
2012-10-08,0.00048350807628594333
2012-10-09,0.0004903821973130107
2012-10-10,0.0005003843107260764
2012-10-11,0.000503123621456325
2012-10-12,0.0005118960980325936
2012-10-13,0.0005224114865995944
2012-10-14,0.0005373654421418905
2012-10-15,0.0005552562652155757
2012-10-16,0.0005700432229787111
2012-10-17,0.0005805568071082233
2012-10-18,0.0005944903241470456
2012-10-19,0.0006091500399634242
2012-10-20,0.0006117122247815133
2012-10-21,0.0006091951509006321
2012-10-22,0.0006042589666321874
2012-10-23,0.000604482542257756
2012-10-24,0.0005940281553193928
2012-10-25,0.0005791913717985152
2012-10-26,0.0005725352093577385
2012-10-27,0.0005582424928434193
2012-10-28,0.0005413726321421564
2012-10-29,0.0005299334297887981
2012-10-30,0.0005238672019913793
2012-10-31,0.0005133321974426508
2012-11-01,0.0005050590843893588
2012-11-02,0.0004917753394693136
2012-11-03,0.0004860884218942374
2012-11-04,0.000490358448587358
2012-11-05,0.0004934113239869474
2012-11-06,0.0004941532970406115
2012-11-07,0.0004977675853297113
2012-11-08,0.0005060165422037244
2012-11-09,0.0005147806950844824
2012-11-10,0.0005344957462511957
2012-11-11,0.0005505641456693411
2012-11-12,0.0005697847809642552
2012-11-13,0.0005787772824987768
2012-11-14,0.0005904741701669991
2012-11-15,0.0006066338391974567
2012-11-16,0.0006096130236983299
2012-11-17,0.0006110691465437412
2012-11-18,0.0006135748699307443
2012-11-19,0.0006066758651286364
2012-11-20,0.0006137493764981627
2012-11-21,0.0006054738769307733
2012-11-22,0.0005804146057926117
2012-11-23,0.0005695045692846179
2012-11-24,0.0005543916486203669
2012-11-25,0.0005514086806215347
2012-11-26,0.0005470076575875282
2012-11-27,0.0005333592998795211
2012-11-28,0.0005205236957408488
2012-11-29,0.0005163393798284234
2012-11-30,0.0005172262317501009
2012-12-01,0.0005091726197861135
2012-12-02,0.0005024156416766347
2012-12-03,0.0005006121355108917
2012-12-04,0.000498905370477587
2012-12-05,0.0004973241011612117
2012-12-06,0.0005016766372136772
2012-12-07,0.0005043133860453963
2012-12-08,0.0005088613834232092
2012-12-09,0.0005160102155059576
2012-12-10,0.0005191335803829134
2012-12-11,0.0005254641873762012
2012-12-12,0.0005441789980977774
2012-12-13,0.0005518214893527329
2012-12-14,0.0005568915512412786
2012-12-15,0.0005549912457354367
2012-12-16,0.0005544572486542165
2012-12-17,0.0005513583892025054
2012-12-18,0.0005498912069015205
2012-12-19,0.0005453748744912447
2012-12-20,0.0005407708813436329
2012-12-21,0.0005365032120607793
2012-12-22,0.0005378771456889808
2012-12-23,0.0005335962050594388
2012-12-24,0.0005247665685601532
2012-12-25,0.0005269240355119108
2012-12-26,0.0005282280035316943
2012-12-27,0.0005218792939558625
2012-12-28,0.0005226354696787894
2012-12-29,0.0005200825398787856
2012-12-30,0.000523950147908181
2012-12-31,0.0005340093048289418
2013-01-01,0.0005436944193206729
2013-01-02,0.000553433143068105
2013-01-03,0.0005673692794516683
2013-01-04,0.0005767408292740582
2013-01-05,0.0005786719266325235
2013-01-06,0.0005778525373898448
2013-01-07,0.0005824061809107661
2013-01-08,0.0005868371808901429
2013-01-09,0.0005919580580666661
2013-01-10,0.0006047640345059335
2013-01-11,0.000613196287304163
2013-01-12,0.0006065156194381416
2013-01-13,0.0006017428822815418
2013-01-14,0.0005949927144683897
2013-01-15,0.0005863843834958972
2013-01-16,0.0005724889342673122
2013-01-17,0.0005543343140743673
2013-01-18,0.000542728987056762
2013-01-19,0.0005262242630124092
2013-01-20,0.0005169305368326603
2013-01-21,0.0005168252973817289
2013-01-22,0.0005200467421673238
2013-01-23,0.0005172605160623789
2013-01-24,0.0005117279943078756
2013-01-25,0.0005142330192029476
2013-01-26,0.0005183923640288413
2013-01-27,0.0005220000166445969
2013-01-28,0.000519120367243886
2013-01-29,0.0005112359067425132
2013-01-30,0.0005083332071080804
2013-01-31,0.0005080109112896025
2013-02-01,0.0005066513549536467
2013-02-02,0.0005083789001218975
2013-02-03,0.0005103044677525759
2013-02-04,0.0005145691684447229
2013-02-05,0.0005149295320734382
2013-02-06,0.0005191842792555691
2013-02-07,0.0005248682573437692
2013-02-08,0.0005294604925438762
2013-02-09,0.0005316957249306141
2013-02-10,0.0005240581813268363
2013-02-11,0.0005256527219898999
2013-02-12,0.0005188630311749876
2013-02-13,0.0005168103380128741
2013-02-14,0.000508546712808311
2013-02-15,0.0005026730941608548
2013-02-16,0.000507306947838515
2013-02-17,0.0005161129520274699
2013-02-18,0.0005142146837897599
2013-02-19,0.0005244843196123838
2013-02-20,0.0005181364249438047
2013-02-21,0.0005128133925609291
2013-02-22,0.0005045808502472936
2013-02-23,0.0004940440994687378
2013-02-24,0.0004908370319753885
2013-02-25,0.0004941952647641301
2013-02-26,0.0004953474854119122
2013-02-27,0.0004979591467417778
2013-02-28,0.0004965148982591927
2013-03-01,0.0004998230724595487
2013-03-02,0.0005052092019468546
2013-03-03,0.0005216352292336524
2013-03-04,0.0005308332038111986
2013-03-05,0.0005462502012960613
2013-03-06,0.0005494770593941212
2013-03-07,0.0005497118108905852
2013-03-08,0.0005524171865545213
2013-03-09,0.0005504714208655058
2013-03-10,0.0005517317913472652
2013-03-11,0.0005514263175427914
2013-03-12,0.0005571257206611335
2013-03-13,0.0005582494777627289
2013-03-14,0.0005472111515700816
2013-03-15,0.0005474670324474573
2013-03-16,0.0005465449648909272
2013-03-17,0.0005394764011725783
2013-03-18,0.0005309148109517993
2013-03-19,0.0005217407597228885
2013-03-20,0.0005134730599820613
2013-03-21,0.0005097996909171343
2013-03-22,0.0005020573153160511
2013-03-23,0.0004969366127625109
2013-03-24,0.0004886924289166926
2013-03-25,0.0004887546529062092
2013-03-26,0.0004886419046670198
2013-03-27,0.0004939833888784051
2013-03-28,0.0004990754532627761
2013-03-29,0.0005085257580503821
2013-03-30,0.0005161170847713947
2013-03-31,0.0005240794271230699
2013-04-01,0.0005431098979897797
2013-04-02,0.0005479145329445599
2013-04-03,0.0005545313470065594
2013-04-04,0.0005574771203100681
2013-04-05,0.0005676741129718722
2013-04-06,0.0005707084201276302
2013-04-07,0.0005759987980127335
2013-04-08,0.0005802811356261373
2013-04-09,0.0005861229728907348
2013-04-10,0.0005822586244903505
2013-04-11,0.0005747828399762511
2013-04-12,0.0005631853709928691
2013-04-13,0.000548684096429497
2013-04-14,0.0005415279883891344
2013-04-15,0.0005343453376553953
2013-04-16,0.0005298805190250279
2013-04-17,0.0005181707674637437
2013-04-18,0.0004995965864509344
2013-04-19,0.0004921762738376857
2013-04-20,0.0004954831674695015
2013-04-21,0.0005020206444896758
2013-04-22,0.0004952054005116223
2013-04-23,0.0004953605239279568
2013-04-24,0.0005013974732719362
2013-04-25,0.0005130661884322761
2013-04-26,0.0005163734895177187
2013-04-27,0.0005310057895258068
2013-04-28,0.0005529753980226816
2013-04-29,0.0005781228537671268
2013-04-30,0.0005867665749974549
2013-05-01,0.0005980893620289862
2013-05-02,0.0005884566926397383
2013-05-03,0.000589997973293066
2013-05-04,0.0005870054010301827
2013-05-05,0.0005820850492455065
2013-05-06,0.0005727094830945134
2013-05-07,0.0005687684752047063
2013-05-08,0.0005594310932792723
2013-05-09,0.0005489811301231384
2013-05-10,0.0005425221752375363
2013-05-11,0.0005357503541745245
2013-05-12,0.0005482794949784875
2013-05-13,0.0005631921230815352
2013-05-14,0.0005686230724677444
2013-05-15,0.0005792735610157251
2013-05-16,0.0005857725045643747
2013-05-17,0.0005809275317005812
2013-05-18,0.0005682549672201276
2013-05-19,0.0005588917993009089
2013-05-20,0.0005566472536884248
2013-05-21,0.0005501394043676555
2013-05-22,0.0005581750301644206
2013-05-23,0.0005565195460803807
2013-05-24,0.0005498884129337965
2013-05-25,0.0005505545414052904
2013-05-26,0.0005550584173761308
2013-05-27,0.0005454260972328483
2013-05-28,0.0005421581445261836
2013-05-29,0.0005462979897856712
2013-05-30,0.0005441367393359542
2013-05-31,0.0005362900556065141
2013-06-01,0.0005378720234148204
2013-06-02,0.0005411820020526649
2013-06-03,0.0005385815748013557
2013-06-04,0.0005320260534062982
2013-06-05,0.0005295606097206472
2013-06-06,0.0005231085233390331
2013-06-07,0.0005244885687716304
2013-06-08,0.0005156936240382494
2013-06-09,0.000507164397276938
2013-06-10,0.0005085524171590805
2013-06-11,0.0005011879256926477
2013-06-12,0.0005022721015848218
2013-06-13,0.0005086491000838578
2013-06-14,0.0005143024027347566
2013-06-15,0.0005170256481505929
2013-06-16,0.0005256275180727243
2013-06-17,0.0005332491127774119
2013-06-18,0.0005349439452402294
2013-06-19,0.000537886458914727
2013-06-20,0.0005461740074679254
2013-06-21,0.0005511528579518199
2013-06-22,0.0005483410786837339
2013-06-23,0.000552367593627423
2013-06-24,0.0005458777886815369
2013-06-25,0.0005330374115146698
2013-06-26,0.0005258835153654218
2013-06-27,0.000518063607160002
2013-06-28,0.0005174628458917142
2013-06-29,0.0005170795484445988
2013-06-30,0.0005180583684705198
2013-07-01,0.0005126032629050313
2013-07-02,0.0005178549326956271
2013-07-03,0.0005224145716056229
2013-07-04,0.0005380804068408906
2013-07-05,0.0005457253428176045
2013-07-06,0.0005459548556245863
2013-07-07,0.0005466596339829266
2013-07-08,0.000543405010830611
2013-07-09,0.0005381593946367502
2013-07-10,0.0005327460239641368
2013-07-11,0.0005343832890503109
2013-07-12,0.0005357812042348087
2013-07-13,0.0005315913003869356
2013-07-14,0.0005308026447892188
2013-07-15,0.0005365235265344381
2013-07-16,0.0005376168992370367
2013-07-17,0.0005344911478459835
2013-07-18,0.0005418885848484933
2013-07-19,0.0005482485867105423
2013-07-20,0.0005504412110894918
2013-07-21,0.0005499284015968441
2013-07-22,0.0005376107874326408
2013-07-23,0.00053287239279598
2013-07-24,0.0005297472234815358
2013-07-25,0.0005247683147899806
2013-07-26,0.0005201164167374372
2013-07-27,0.0005193523247726262
2013-07-28,0.0005151687655597925
2013-07-29,0.0005154430982656777
2013-07-30,0.0005116478423587979
2013-07-31,0.0005155313992872834
2013-08-01,0.0005239504971541464
2013-08-02,0.0005320940399542451
2013-08-03,0.0005277472664602102
2013-08-04,0.0005259511526674032
2013-08-05,0.0005256960284896195
2013-08-06,0.0005278513417579234
2013-08-07,0.000527182302903384
2013-08-08,0.0005242428742349149
2013-08-09,0.0005159623106010258
2013-08-10,0.000518849934451282
2013-08-11,0.0005254858988337219
2013-08-12,0.0005247244262136519
2013-08-13,0.0005335694877430797
2013-08-14,0.0005455168429762125
2013-08-15,0.000554776459466666
2013-08-16,0.0005540300626307727
2013-08-17,0.0005641875904984772
2013-08-18,0.0005635124980472027
2013-08-19,0.0005675500142388046
2013-08-20,0.0005725407972931862
2013-08-21,0.0005715239094570278
2013-08-22,0.0005684146890416741
2013-08-23,0.0005659181042574347
2013-08-24,0.0005474074278026818
2013-08-25,0.0005299957701936363
2013-08-26,0.0005273509887047112
2013-08-27,0.0005206436035223305
2013-08-28,0.0005134691600687802
2013-08-29,0.0005110724014230072
2013-08-30,0.0005111543578095733
2013-08-31,0.00050837587332353
2013-09-01,0.0005062068230472505
2013-09-02,0.0005090059712529181
2013-09-03,0.0005084616132080555
2013-09-04,0.0005078095709905028
2013-09-05,0.0005022625555284321
2013-09-06,0.0004989916342310606
2013-09-07,0.0004978429642505944
2013-09-08,0.0005000950768589972
2013-09-09,0.0005064783617854118
2013-09-10,0.0005138281849212946
2013-09-11,0.00051094003720209
2013-09-12,0.0005117941182106733
2013-09-13,0.0005099083064123988
2013-09-14,0.0005011488683521748
2013-09-15,0.0004967917338944972
2013-09-16,0.0004969435976818204
2013-09-17,0.0005034722271375358
2013-09-18,0.0005054292851127684
2013-09-19,0.0005149061908014119
2013-09-20,0.0005239947349764408
2013-09-21,0.0005283838836476207
2013-09-22,0.0005308349500410259
2013-09-23,0.000532225240021944
2013-09-24,0.0005404519615694879
2013-09-25,0.0005423484835773706
2013-09-26,0.0005387574783526361
2013-09-27,0.0005280631594359875
2013-09-28,0.0005159450229257345
2013-09-29,0.0005082347779534757
2013-09-30,0.0005129251512698829
2013-10-01,0.0005039442330598831
2013-10-02,0.0005020478856749833
2013-10-03,0.0005031671607866883
2013-10-04,0.0005064496654085815
2013-10-05,0.0005077602691017091
2013-10-06,0.0005115133244544269
2013-10-07,0.0005228804657235743
2013-10-08,0.0005315332673490046
2013-10-09,0.0005412767641246319
2013-10-10,0.0005485862493515015
2013-10-11,0.0005604762118309736
2013-10-12,0.0005540740094147623
2013-10-13,0.0005492687923833729
2013-10-14,0.0005419655353762209
2013-10-15,0.000550720258615911
2013-10-16,0.0005472084740176797
2013-10-17,0.0005459220265038311
2013-10-18,0.0005440240493044257
2013-10-19,0.0005421367241069673
2013-10-20,0.0005468343733809887
2013-10-21,0.0005546726752072573
2013-10-22,0.0005645038327202201
2013-10-23,0.0005686887889169158
2013-10-24,0.0005761365755461156
2013-10-25,0.0005726672825403513
2013-10-26,0.0005619174335151911
2013-10-27,0.0005518492544069886
2013-10-28,0.0005589650827459991
2013-10-29,0.0005518555990420282
2013-10-30,0.0005422640242613852
2013-10-31,0.0005436832434497774
2013-11-01,0.0005505940061993897
2013-11-02,0.0005536520038731396
2013-11-03,0.0005549669731408359
2013-11-04,0.0005584633909165858
2013-11-05,0.0005685710348188878
2013-11-06,0.0005693347775377332
2013-11-07,0.000560517655685544
2013-11-08,0.0005538012483157218
2013-11-09,0.0005516625242307782
2013-11-10,0.0005481151165440679
2013-11-11,0.0005523119471035899
2013-11-12,0.0005525469896383584
2013-11-13,0.0005690270918421447
2013-11-14,0.0005857737269252539
2013-11-15,0.0006006666226312518
2013-11-16,0.000613916723523289
2013-11-17,0.0006185283418744802
2013-11-18,0.0005977635155431926
2013-11-19,0.0005845108535140753
2013-11-20,0.0005704165087081492
2013-11-21,0.0005526642198674381
2013-11-22,0.0005488055758178233
2013-11-23,0.0005397402564994991
2013-11-24,0.0005285750376060605
2013-11-25,0.0005157519481144844
2013-11-26,0.000508583674672991
2013-11-27,0.0005174352554604411
2013-11-28,0.0005314763402566314
2013-11-29,0.0005308737163431941
2013-11-30,0.0005407991702668369
2013-12-01,0.000549865304492414
2013-12-02,0.0005602155579254031
2013-12-03,0.0005619913572445512
2013-12-04,0.000563315290492028
2013-12-05,0.0005729160620830952
2013-12-06,0.0005677356384694576
2013-12-07,0.0005696367588825524
2013-12-08,0.0005670174723491073
2013-12-09,0.0005735973245464264
2013-12-10,0.000590348441619426
2013-12-11,0.0006009256467223169
2013-12-12,0.0006120326579548419
2013-12-13,0.0006103288615122437
2013-12-14,0.0006110657122917472
2013-12-15,0.0006018707645125687
2013-12-16,0.0005961355054751039
2013-12-17,0.0005924406577832997
2013-12-18,0.0005823959363624455
2013-12-19,0.0005683445488102733
2013-12-20,0.0005597661365754902
2013-12-21,0.0005520177073776722
2013-12-22,0.0005444101989269257
2013-12-23,0.0005383534589782356
2013-12-24,0.0005321984062902629
2013-12-25,0.0005279527395032346
2013-12-26,0.0005319184856489301
2013-12-27,0.0005433923215605319
2013-12-28,0.0005443585105240345
2013-12-29,0.0005490465555340052
2013-12-30,0.0005530252237804233
2013-12-31,0.0005635710549540818
2014-01-01,0.0005688998498953879
2014-01-02,0.0005725970841012894
2014-01-03,0.0005803748499602079
2014-01-04,0.0005996827967464924
2014-01-05,0.0006026015034876764
2014-01-06,0.0005968533223494887
2014-01-07,0.0006064295885153115
2014-01-08,0.0005979895940981804
2014-01-09,0.0006001216825097799
2014-01-10,0.0005998054984956981
2014-01-11,0.0005893316701985897
2014-01-12,0.0005788948619738221
2014-01-13,0.0005651413230225444
2014-01-14,0.0005594731774181128
2014-01-15,0.000545098795555532
2014-01-16,0.0005356421461328863
2014-01-17,0.0005344416131265461
2014-01-18,0.0005323402583599091
2014-01-19,0.000535601400770247
2014-01-20,0.0005479875835590066
2014-01-21,0.0005580216529779136
2014-01-22,0.0005669716629199684
2014-01-23,0.0005651048850268126
2014-01-24,0.0005722582573071122
2014-01-25,0.0005719515029340982
2014-01-26,0.0005630187806673348
2014-01-27,0.0005590636865235865
2014-01-28,0.0005665161879733205
2014-01-29,0.0005693964194506407
2014-01-30,0.0005760315689258277
2014-01-31,0.0005736039602197707
2014-02-01,0.0005865653511136769
2014-02-02,0.0006135703879408537
2014-02-03,0.0006093161646276712
2014-02-04,0.000619127822574228
2014-02-05,0.0006154442089609803
2014-02-06,0.0006093204137869179
2014-02-07,0.0006018701242282988
2014-02-08,0.0005905781872570515
2014-02-09,0.0005802768864668906
2014-02-10,0.0005698446766473353
2014-02-11,0.0005815508775413036
2014-02-12,0.000584964407607913
2014-02-13,0.0005747168324887753
2014-02-14,0.0005612109089270233
2014-02-15,0.0005489384639076889
2014-02-16,0.0005406495765782894
2014-02-17,0.0005491938209161162
2014-02-18,0.0005539302946999669
2014-02-19,0.0005570844514295459
2014-02-20,0.0005626383936032653
2014-02-21,0.0005593669484369457
2014-02-22,0.0005569373024627566
2014-02-23,0.0005631749518215656
2014-02-24,0.0005763849476352334
2014-02-25,0.0005957333487458527
2014-02-26,0.0006091825198382139
2014-02-27,0.0006188913830555974
2014-02-28,0.0006211461732164025
2014-03-01,0.0006122772465460002
2014-03-02,0.0006043899920769036
2014-03-03,0.0006030262447893621
2014-03-04,0.0005943868891336024
2014-03-05,0.0005852457834407687
2014-03-06,0.000577273778617382
2014-03-07,0.0005707241944037378
2014-03-08,0.0005585075123235583
2014-03-09,0.0005519984988495708
2014-03-10,0.0005592764937318861
2014-03-11,0.0005589186912402512
2014-03-12,0.0005530586349777877
2014-03-13,0.0005528361070901155
2014-03-14,0.0005539451958611609
2014-03-15,0.0005512994830496608
2014-03-16,0.000550098018720746
2014-03-17,0.0005537705728784205
2014-03-18,0.0005607354105450213
2014-03-19,0.0005680597387254237
2014-03-20,0.0005784850800409912
2014-03-21,0.0005822995444759728
2014-03-22,0.0005937349051237106
2014-03-23,0.0005985402385704218
2014-03-24,0.0005986156174913049
2014-03-25,0.0005936277448199688
2014-03-26,0.0005983621231280267
2014-03-27,0.0005910850595682858
2014-03-28,0.000589841278269887
2014-03-29,0.0005870562745258213
2014-03-30,0.0005771523574367166
2014-03-31,0.0005756733589805663
2014-04-01,0.0005702240741811693
2014-04-02,0.0005719447508454322
2014-04-03,0.0005662453477270901
2014-04-04,0.0005700800102204084
2014-04-05,0.0005621899035759269
2014-04-06,0.0005559286219067872
2014-04-07,0.0005589734646491706
2014-04-08,0.0005408990546129644
2014-04-09,0.0005381873925216496
2014-04-10,0.0005353856249712409
2014-04-11,0.0005320878699421883
2014-04-12,0.0005295276641845703
2014-04-13,0.0005328442202880979
2014-04-14,0.0005545648164115846
2014-04-15,0.0005759549094364048
2014-04-16,0.0005986588075757028
2014-04-17,0.0006019342690706253
2014-04-18,0.0006027017952874303
2014-04-19,0.0006010231445543468
2014-04-20,0.0005976075772196053
2014-04-21,0.000588131370022893
2014-04-22,0.0005678171291947365
2014-04-23,0.0005525284796021879
2014-04-24,0.0005410920712165534
2014-04-25,0.0005342680378817022
2014-04-26,0.0005257209995761514
2014-04-27,0.0005237112054601312
2014-04-28,0.0005214198026806116
2014-04-29,0.0005195889389142394
2014-04-30,0.0005193563993088901
2014-05-01,0.0005154487444087863
2014-05-02,0.0005258963210508226
2014-05-03,0.0005250201793387532
2014-05-04,0.0005260096513666213
2014-05-05,0.0005224247579462826
2014-05-06,0.0005234264535829425
2014-05-07,0.0005290499539114535
2014-05-08,0.0005349875427782537
2014-05-09,0.000543509959243238
2014-05-10,0.0005509121692739427
2014-05-11,0.0005646538338623941
2014-05-12,0.000569638388697058
2014-05-13,0.0005678671877831222
2014-05-14,0.0005811814335174859
2014-05-15,0.0005783807719126344
2014-05-16,0.0005602668970823288
2014-05-17,0.0005559787387028337
2014-05-18,0.0005411583697423339
2014-05-19,0.0005288278916850686
2014-05-20,0.0005255269352346659
2014-05-21,0.0005197849241085349
2014-05-22,0.0005171315278857946
2014-05-23,0.0005187729839235544
2014-05-24,0.0005257832235656679
2014-05-25,0.0005161699955351652
2014-05-26,0.0005089280311949551
2014-05-27,-1.0
2014-05-28,-1.0
2014-05-29,-1.0
2014-05-30,-1.0
2014-05-31,-1.0
2014-06-01,-1.0
2014-06-02,-1.0
2014-06-03,-1.0
2014-06-04,-1.0
2014-06-05,-1.0
2014-06-06,-1.0
2014-06-07,-1.0
2014-06-08,-1.0
2014-06-09,-1.0
2014-06-10,-1.0
2014-06-11,-1.0
2014-06-12,-1.0
2014-06-13,-1.0
2014-06-14,-1.0
2014-06-15,-1.0
2014-06-16,-1.0
2014-06-17,-1.0
2014-06-18,-1.0
2014-06-19,-1.0
2014-06-20,-1.0
2014-06-21,-1.0
2014-06-22,-1.0
2014-06-23,-1.0
2014-06-24,-1.0
2014-06-25,-1.0
2014-06-26,-1.0
2014-06-27,-1.0
2014-06-28,-1.0
2014-06-29,-1.0
2014-06-30,-1.0
2014-07-01,-1.0
2014-07-02,-1.0
2014-07-03,-1.0
2014-07-04,-1.0
2014-07-05,-1.0
2014-07-06,-1.0
2014-07-07,-1.0
2014-07-08,-1.0
2014-07-09,-1.0
2014-07-10,-1.0
2014-07-11,-1.0
2014-07-12,-1.0
2014-07-13,-1.0
2014-07-14,-1.0
2014-07-15,-1.0
2014-07-16,-1.0
2014-07-17,-1.0
2014-07-18,-1.0
2014-07-19,-1.0
2014-07-20,-1.0
2014-07-21,-1.0
2014-07-22,-1.0
2014-07-23,-1.0
2014-07-24,-1.0
2014-07-25,-1.0
2014-07-26,-1.0
2014-07-27,-1.0
2014-07-28,-1.0
2014-07-29,-1.0
2014-07-30,-1.0
2014-07-31,-1.0
2014-08-01,-1.0
2014-08-02,-1.0
2014-08-03,-1.0
2014-08-04,-1.0
2014-08-05,-1.0
2014-08-06,-1.0
2014-08-07,-1.0
2014-08-08,-1.0
2014-08-09,-1.0
2014-08-10,-1.0
2014-08-11,-1.0
2014-08-12,-1.0
2014-08-13,-1.0
2014-08-14,-1.0
2014-08-15,-1.0
2014-08-16,-1.0
2014-08-17,-1.0
2014-08-18,-1.0
2014-08-19,-1.0
2014-08-20,-1.0
2014-08-21,-1.0
2014-08-22,-1.0
2014-08-23,-1.0
2014-08-24,-1.0
2014-08-25,-1.0
2014-08-26,-1.0
2014-08-27,-1.0
2014-08-28,-1.0
2014-08-29,-1.0
2014-08-30,-1.0
2014-08-31,-1.0
2014-09-01,-1.0
2014-09-02,-1.0
2014-09-03,-1.0
2014-09-04,-1.0
2014-09-05,-1.0
2014-09-06,-1.0
2014-09-07,-1.0
2014-09-08,-1.0
2014-09-09,-1.0
2014-09-10,-1.0
2014-09-11,-1.0
2014-09-12,-1.0
2014-09-13,-1.0
2014-09-14,-1.0
2014-09-15,-1.0
2014-09-16,-1.0
2014-09-17,-1.0
2014-09-18,-1.0
2014-09-19,-1.0
2014-09-20,-1.0
2014-09-21,-1.0
2014-09-22,-1.0
2014-09-23,-1.0
2014-09-24,-1.0
2014-09-25,-1.0
2014-09-26,-1.0
2014-09-27,-1.0
2014-09-28,-1.0
2014-09-29,-1.0
2014-09-30,-1.0
2014-10-01,-1.0
2014-10-02,-1.0
2014-10-03,-1.0
2014-10-04,-1.0
2014-10-05,-1.0
2014-10-06,-1.0
2014-10-07,-1.0
2014-10-08,-1.0
2014-10-09,-1.0
2014-10-10,-1.0
2014-10-11,-1.0
2014-10-12,-1.0
2014-10-13,-1.0
2014-10-14,-1.0
2014-10-15,-1.0
2014-10-16,-1.0
2014-10-17,-1.0
2014-10-18,-1.0
2014-10-19,-1.0
2014-10-20,-1.0
2014-10-21,-1.0
2014-10-22,-1.0
2014-10-23,-1.0
2014-10-24,-1.0
2014-10-25,-1.0
2014-10-26,-1.0
2014-10-27,-1.0
2014-10-28,-1.0
2014-10-29,-1.0
2014-10-30,-1.0
2014-10-31,-1.0
2014-11-01,-1.0
2014-11-02,-1.0
2014-11-03,-1.0
2014-11-04,-1.0
2014-11-05,-1.0
2014-11-06,-1.0
2014-11-07,-1.0
2014-11-08,-1.0
2014-11-09,-1.0
2014-11-10,-1.0
2014-11-11,-1.0
2014-11-12,-1.0
2014-11-13,-1.0
2014-11-14,-1.0
2014-11-15,-1.0
2014-11-16,-1.0
2014-11-17,-1.0
2014-11-18,-1.0
2014-11-19,-1.0
2014-11-20,-1.0
2014-11-21,-1.0
2014-11-22,-1.0
2014-11-23,-1.0
2014-11-24,-1.0
2014-11-25,-1.0
2014-11-26,-1.0
2014-11-27,-1.0
2014-11-28,-1.0
2014-11-29,-1.0
2014-11-30,-1.0
2014-12-01,-1.0
2014-12-02,-1.0
2014-12-03,-1.0
2014-12-04,-1.0
2014-12-05,-1.0
2014-12-06,-1.0
2014-12-07,-1.0
2014-12-08,-1.0
2014-12-09,-1.0
2014-12-10,-1.0
2014-12-11,-1.0
2014-12-12,-1.0
2014-12-13,-1.0
2014-12-14,-1.0
2014-12-15,-1.0
2014-12-16,-1.0
2014-12-17,-1.0
2014-12-18,-1.0
2014-12-19,-1.0
2014-12-20,-1.0
2014-12-21,-1.0
2014-12-22,-1.0
2014-12-23,-1.0
2014-12-24,-1.0
2014-12-25,-1.0
2014-12-26,-1.0
2014-12-27,-1.0
2014-12-28,-1.0
2014-12-29,-1.0
2014-12-30,-1.0
2014-12-31,-1.0
2015-01-01,-1.0
2015-01-02,-1.0
2015-01-03,-1.0
2015-01-04,-1.0
2015-01-05,-1.0
2015-01-06,-1.0
2015-01-07,-1.0
2015-01-08,-1.0
2015-01-09,-1.0
2015-01-10,-1.0
2015-01-11,-1.0
2015-01-12,-1.0
2015-01-13,-1.0
2015-01-14,-1.0
2015-01-15,-1.0
2015-01-16,-1.0
2015-01-17,-1.0
2015-01-18,-1.0
2015-01-19,-1.0
2015-01-20,-1.0
2015-01-21,-1.0
2015-01-22,-1.0
2015-01-23,-1.0
2015-01-24,-1.0
2015-01-25,-1.0
2015-01-26,-1.0
2015-01-27,-1.0
2015-01-28,-1.0
2015-01-29,-1.0
2015-01-30,-1.0
2015-01-31,-1.0
2015-02-01,-1.0
2015-02-02,-1.0
2015-02-03,-1.0
2015-02-04,-1.0
2015-02-05,-1.0
2015-02-06,-1.0
2015-02-07,-1.0
2015-02-08,-1.0
2015-02-09,-1.0
2015-02-10,-1.0
2015-02-11,-1.0
2015-02-12,-1.0
2015-02-13,-1.0
2015-02-14,-1.0
2015-02-15,-1.0
2015-02-16,-1.0
2015-02-17,-1.0
2015-02-18,-1.0
2015-02-19,-1.0
2015-02-20,-1.0
2015-02-21,-1.0
2015-02-22,-1.0
2015-02-23,-1.0
2015-02-24,-1.0
2015-02-25,-1.0
2015-02-26,-1.0
2015-02-27,-1.0
2015-02-28,-1.0
2015-03-01,-1.0
2015-03-02,-1.0
2015-03-03,-1.0
2015-03-04,-1.0
2015-03-05,-1.0
2015-03-06,-1.0
2015-03-07,-1.0
2015-03-08,-1.0
2015-03-09,-1.0
2015-03-10,-1.0
2015-03-11,-1.0
2015-03-12,-1.0
2015-03-13,-1.0
2015-03-14,-1.0
2015-03-15,-1.0
2015-03-16,-1.0
2015-03-17,-1.0
2015-03-18,-1.0
2015-03-19,-1.0
2015-03-20,-1.0
2015-03-21,-1.0
2015-03-22,-1.0
2015-03-23,-1.0
2015-03-24,-1.0
2015-03-25,-1.0
2015-03-26,-1.0
2015-03-27,-1.0
2015-03-28,-1.0
2015-03-29,-1.0
2015-03-30,-1.0
2015-03-31,-1.0
2015-04-01,-1.0
2015-04-02,-1.0
2015-04-03,-1.0
2015-04-04,-1.0
2015-04-05,-1.0
2015-04-06,-1.0
2015-04-07,-1.0
2015-04-08,-1.0
2015-04-09,-1.0
2015-04-10,-1.0
2015-04-11,-1.0
2015-04-12,-1.0
2015-04-13,-1.0
2015-04-14,-1.0
2015-04-15,-1.0
2015-04-16,-1.0
2015-04-17,-1.0
2015-04-18,-1.0
2015-04-19,-1.0
2015-04-20,-1.0
2015-04-21,-1.0
2015-04-22,-1.0
2015-04-23,-1.0
2015-04-24,-1.0
2015-04-25,-1.0
2015-04-26,-1.0
2015-04-27,-1.0
2015-04-28,-1.0
2015-04-29,-1.0
2015-04-30,-1.0
2015-05-01,-1.0
2015-05-02,-1.0
2015-05-03,-1.0
2015-05-04,-1.0
2015-05-05,-1.0
2015-05-06,-1.0
2015-05-07,-1.0
2015-05-08,-1.0
2015-05-09,-1.0
2015-05-10,-1.0
2015-05-11,-1.0
2015-05-12,-1.0
2015-05-13,-1.0
2015-05-14,-1.0
2015-05-15,-1.0
2015-05-16,-1.0
2015-05-17,-1.0
2015-05-18,-1.0
2015-05-19,-1.0
2015-05-20,-1.0
2015-05-21,-1.0
2015-05-22,-1.0
2015-05-23,-1.0
2015-05-24,-1.0
2015-05-25,-1.0
2015-05-26,-1.0
2015-05-27,-1.0
2015-05-28,-1.0
2015-05-29,-1.0
2015-05-30,-1.0
2015-05-31,-1.0
2015-06-01,-1.0
2015-06-02,-1.0
2015-06-03,-1.0
2015-06-04,-1.0
2015-06-05,-1.0
2015-06-06,-1.0
2015-06-07,-1.0
2015-06-08,-1.0
2015-06-09,-1.0
2015-06-10,-1.0
2015-06-11,-1.0
2015-06-12,-1.0
2015-06-13,-1.0
2015-06-14,-1.0
2015-06-15,-1.0
2015-06-16,-1.0
2015-06-17,-1.0
2015-06-18,-1.0
2015-06-19,-1.0
2015-06-20,-1.0
2015-06-21,-1.0
2015-06-22,-1.0
2015-06-23,-1.0
2015-06-24,-1.0
2015-06-25,-1.0
2015-06-26,-1.0
2015-06-27,-1.0
2015-06-28,-1.0
2015-06-29,-1.0
2015-06-30,-1.0
2015-07-01,-1.0
2015-07-02,-1.0
2015-07-03,-1.0
2015-07-04,-1.0
2015-07-05,-1.0
2015-07-06,-1.0
2015-07-07,-1.0
2015-07-08,-1.0
2015-07-09,-1.0
2015-07-10,-1.0
2015-07-11,-1.0
2015-07-12,-1.0
2015-07-13,-1.0
2015-07-14,-1.0
2015-07-15,-1.0
2015-07-16,-1.0
2015-07-17,-1.0
2015-07-18,-1.0
2015-07-19,-1.0
2015-07-20,-1.0
2015-07-21,-1.0
2015-07-22,-1.0
2015-07-23,-1.0
2015-07-24,-1.0
2015-07-25,-1.0
2015-07-26,-1.0
2015-07-27,-1.0
2015-07-28,-1.0
2015-07-29,-1.0
2015-07-30,-1.0
2015-07-31,-1.0
2015-08-01,-1.0
2015-08-02,-1.0
2015-08-03,-1.0
2015-08-04,-1.0
2015-08-05,-1.0
2015-08-06,-1.0
2015-08-07,-1.0
2015-08-08,-1.0
2015-08-09,-1.0
2015-08-10,-1.0
2015-08-11,-1.0
2015-08-12,-1.0
2015-08-13,-1.0
2015-08-14,-1.0
2015-08-15,-1.0
2015-08-16,-1.0
2015-08-17,-1.0
2015-08-18,-1.0
2015-08-19,-1.0
2015-08-20,-1.0
2015-08-21,-1.0
2015-08-22,-1.0
2015-08-23,-1.0
2015-08-24,-1.0
2015-08-25,-1.0
2015-08-26,-1.0
2015-08-27,-1.0
2015-08-28,-1.0
2015-08-29,-1.0
2015-08-30,-1.0
2015-08-31,-1.0
2015-09-01,-1.0
2015-09-02,-1.0
2015-09-03,-1.0
2015-09-04,-1.0
2015-09-05,-1.0
2015-09-06,-1.0
2015-09-07,-1.0
2015-09-08,-1.0
2015-09-09,-1.0
2015-09-10,-1.0
2015-09-11,-1.0
2015-09-12,-1.0
2015-09-13,-1.0
2015-09-14,-1.0
2015-09-15,-1.0
2015-09-16,-1.0
2015-09-17,-1.0
2015-09-18,-1.0
2015-09-19,-1.0
2015-09-20,-1.0
2015-09-21,-1.0
2015-09-22,-1.0
2015-09-23,-1.0
2015-09-24,-1.0
2015-09-25,-1.0
2015-09-26,-1.0
2015-09-27,-1.0
2015-09-28,-1.0
2015-09-29,-1.0
2015-09-30,-1.0
2015-10-01,-1.0
2015-10-02,-1.0
2015-10-03,-1.0
2015-10-04,-1.0
2015-10-05,-1.0
2015-10-06,-1.0
2015-10-07,-1.0
2015-10-08,-1.0
2015-10-09,-1.0
2015-10-10,-1.0
2015-10-11,-1.0
2015-10-12,-1.0
2015-10-13,-1.0
2015-10-14,-1.0
2015-10-15,-1.0
2015-10-16,-1.0
2015-10-17,-1.0
2015-10-18,-1.0
2015-10-19,-1.0
2015-10-20,-1.0
2015-10-21,-1.0
2015-10-22,-1.0
2015-10-23,-1.0
2015-10-24,-1.0
2015-10-25,-1.0
2015-10-26,-1.0
2015-10-27,-1.0
2015-10-28,-1.0
2015-10-29,-1.0
2015-10-30,-1.0
2015-10-31,-1.0
2015-11-01,-1.0
2015-11-02,-1.0
2015-11-03,-1.0
2015-11-04,-1.0
2015-11-05,-1.0
2015-11-06,-1.0
2015-11-07,-1.0
2015-11-08,-1.0
2015-11-09,-1.0
2015-11-10,-1.0
2015-11-11,-1.0
2015-11-12,-1.0
2015-11-13,-1.0
2015-11-14,-1.0
2015-11-15,-1.0
2015-11-16,-1.0
2015-11-17,-1.0
2015-11-18,-1.0
2015-11-19,-1.0
2015-11-20,-1.0
2015-11-21,-1.0
2015-11-22,-1.0
2015-11-23,-1.0
2015-11-24,-1.0
2015-11-25,-1.0
2015-11-26,-1.0
2015-11-27,-1.0
2015-11-28,-1.0
2015-11-29,-1.0
2015-11-30,-1.0
2015-12-01,-1.0
2015-12-02,-1.0
2015-12-03,-1.0
2015-12-04,-1.0
2015-12-05,-1.0
2015-12-06,-1.0
2015-12-07,-1.0
2015-12-08,-1.0
2015-12-09,-1.0
2015-12-10,-1.0
2015-12-11,-1.0
2015-12-12,-1.0
2015-12-13,-1.0
2015-12-14,-1.0
2015-12-15,-1.0
2015-12-16,-1.0
2015-12-17,-1.0
2015-12-18,-1.0
2015-12-19,-1.0
2015-12-20,-1.0
2015-12-21,-1.0
2015-12-22,-1.0
2015-12-23,-1.0
2015-12-24,-1.0
2015-12-25,-1.0
2015-12-26,-1.0
2015-12-27,-1.0
2015-12-28,-1.0
2015-12-29,-1.0
2015-12-30,-1.0
2015-12-31,-1.0
2016-01-01,-1.0
2016-01-02,-1.0
2016-01-03,-1.0
2016-01-04,-1.0
2016-01-05,-1.0
2016-01-06,-1.0
2016-01-07,-1.0
2016-01-08,-1.0
2016-01-09,-1.0
2016-01-10,-1.0
2016-01-11,-1.0
2016-01-12,-1.0
2016-01-13,-1.0
2016-01-14,-1.0
2016-01-15,-1.0
2016-01-16,-1.0
2016-01-17,-1.0
2016-01-18,-1.0
2016-01-19,-1.0
2016-01-20,-1.0
2016-01-21,-1.0
2016-01-22,-1.0
2016-01-23,-1.0
2016-01-24,-1.0
2016-01-25,-1.0
2016-01-26,-1.0
2016-01-27,-1.0
2016-01-28,-1.0
2016-01-29,-1.0
2016-01-30,-1.0
2016-01-31,-1.0
2016-02-01,-1.0
2016-02-02,-1.0
2016-02-03,-1.0
2016-02-04,-1.0
2016-02-05,-1.0
2016-02-06,-1.0
2016-02-07,-1.0
2016-02-08,-1.0
2016-02-09,-1.0
2016-02-10,-1.0
2016-02-11,-1.0
2016-02-12,-1.0
2016-02-13,-1.0
2016-02-14,-1.0
2016-02-15,-1.0
2016-02-16,-1.0
2016-02-17,-1.0
2016-02-18,-1.0
2016-02-19,-1.0
2016-02-20,-1.0
2016-02-21,-1.0
2016-02-22,-1.0
2016-02-23,-1.0
2016-02-24,-1.0
2016-02-25,-1.0
2016-02-26,-1.0
2016-02-27,-1.0
2016-02-28,-1.0
2016-02-29,-1.0
2016-03-01,-1.0
2016-03-02,-1.0
2016-03-03,-1.0
2016-03-04,-1.0
2016-03-05,-1.0
2016-03-06,-1.0
2016-03-07,-1.0
2016-03-08,-1.0
2016-03-09,-1.0
2016-03-10,-1.0
2016-03-11,-1.0
2016-03-12,-1.0
2016-03-13,-1.0
2016-03-14,-1.0
2016-03-15,-1.0
2016-03-16,-1.0
2016-03-17,-1.0
2016-03-18,-1.0
2016-03-19,-1.0
2016-03-20,-1.0
2016-03-21,-1.0
2016-03-22,-1.0
2016-03-23,-1.0
2016-03-24,-1.0
2016-03-25,-1.0
2016-03-26,-1.0
2016-03-27,-1.0
2016-03-28,-1.0
2016-03-29,-1.0
2016-03-30,-1.0
2016-03-31,-1.0
2016-04-01,-1.0
2016-04-02,-1.0
2016-04-03,-1.0
2016-04-04,-1.0
2016-04-05,-1.0
2016-04-06,-1.0
2016-04-07,-1.0
2016-04-08,-1.0
2016-04-09,-1.0
2016-04-10,-1.0
2016-04-11,-1.0
2016-04-12,-1.0
2016-04-13,-1.0
2016-04-14,-1.0
2016-04-15,-1.0
2016-04-16,-1.0
2016-04-17,-1.0
2016-04-18,-1.0
2016-04-19,-1.0
2016-04-20,-1.0
2016-04-21,-1.0
2016-04-22,-1.0
2016-04-23,-1.0
2016-04-24,-1.0
2016-04-25,-1.0
2016-04-26,-1.0
2016-04-27,-1.0
2016-04-28,-1.0
2016-04-29,-1.0
2016-04-30,-1.0
2016-05-01,-1.0
2016-05-02,-1.0
2016-05-03,-1.0
2016-05-04,-1.0
2016-05-05,-1.0
2016-05-06,-1.0
2016-05-07,-1.0
2016-05-08,-1.0
2016-05-09,-1.0
2016-05-10,-1.0
2016-05-11,-1.0
2016-05-12,-1.0
2016-05-13,-1.0
2016-05-14,-1.0
2016-05-15,-1.0
2016-05-16,-1.0
2016-05-17,-1.0
2016-05-18,-1.0
2016-05-19,-1.0
2016-05-20,-1.0
2016-05-21,-1.0
2016-05-22,-1.0
2016-05-23,-1.0
2016-05-24,-1.0
2016-05-25,-1.0
2016-05-26,-1.0
2016-05-27,-1.0
2016-05-28,-1.0
2016-05-29,-1.0
2016-05-30,-1.0
2016-05-31,-1.0
2016-06-01,-1.0
2016-06-02,-1.0
2016-06-03,-1.0
2016-06-04,-1.0
2016-06-05,-1.0
2016-06-06,-1.0
2016-06-07,-1.0
2016-06-08,-1.0
2016-06-09,-1.0
2016-06-10,-1.0
2016-06-11,-1.0
2016-06-12,-1.0
2016-06-13,-1.0
2016-06-14,-1.0
2016-06-15,-1.0
2016-06-16,-1.0
2016-06-17,-1.0
2016-06-18,-1.0
2016-06-19,-1.0
2016-06-20,-1.0
2016-06-21,-1.0
2016-06-22,-1.0
2016-06-23,-1.0
2016-06-24,-1.0
2016-06-25,-1.0
2016-06-26,-1.0
2016-06-27,-1.0
2016-06-28,-1.0
2016-06-29,-1.0
2016-06-30,-1.0
2016-07-01,-1.0
2016-07-02,-1.0
2016-07-03,-1.0
2016-07-04,-1.0
2016-07-05,-1.0
2016-07-06,-1.0
2016-07-07,-1.0
2016-07-08,-1.0
2016-07-09,-1.0
2016-07-10,-1.0
2016-07-11,-1.0
2016-07-12,-1.0
2016-07-13,-1.0
2016-07-14,-1.0
2016-07-15,-1.0
2016-07-16,-1.0
2016-07-17,-1.0
2016-07-18,-1.0
2016-07-19,-1.0
2016-07-20,-1.0
2016-07-21,-1.0
2016-07-22,-1.0
2016-07-23,-1.0
2016-07-24,-1.0
2016-07-25,-1.0
2016-07-26,-1.0
2016-07-27,-1.0
2016-07-28,-1.0
2016-07-29,-1.0
2016-07-30,-1.0
2016-07-31,-1.0
2016-08-01,-1.0
2016-08-02,-1.0
2016-08-03,-1.0
2016-08-04,-1.0
2016-08-05,-1.0
2016-08-06,-1.0
2016-08-07,-1.0
2016-08-08,-1.0
2016-08-09,-1.0
2016-08-10,-1.0
2016-08-11,-1.0
2016-08-12,-1.0
2016-08-13,-1.0
2016-08-14,-1.0
2016-08-15,-1.0
2016-08-16,-1.0
2016-08-17,-1.0
2016-08-18,-1.0
2016-08-19,-1.0
2016-08-20,-1.0
2016-08-21,-1.0
2016-08-22,-1.0
2016-08-23,-1.0
2016-08-24,-1.0
2016-08-25,-1.0
2016-08-26,-1.0
2016-08-27,-1.0
2016-08-28,-1.0
2016-08-29,-1.0
2016-08-30,-1.0
2016-08-31,-1.0
2016-09-01,-1.0
2016-09-02,-1.0
2016-09-03,-1.0
2016-09-04,-1.0
2016-09-05,-1.0
2016-09-06,-1.0
2016-09-07,-1.0
2016-09-08,-1.0
2016-09-09,-1.0
2016-09-10,-1.0
2016-09-11,-1.0
2016-09-12,-1.0
2016-09-13,-1.0
2016-09-14,-1.0
2016-09-15,-1.0
2016-09-16,-1.0
2016-09-17,-1.0
2016-09-18,-1.0
2016-09-19,-1.0
2016-09-20,-1.0
2016-09-21,-1.0
2016-09-22,-1.0
2016-09-23,-1.0
2016-09-24,-1.0
2016-09-25,-1.0
2016-09-26,-1.0
2016-09-27,-1.0
2016-09-28,-1.0
2016-09-29,-1.0
2016-09-30,-1.0
2016-10-01,-1.0
2016-10-02,-1.0
2016-10-03,-1.0
2016-10-04,-1.0
2016-10-05,-1.0
2016-10-06,-1.0
2016-10-07,-1.0
2016-10-08,-1.0
2016-10-09,-1.0
2016-10-10,-1.0
2016-10-11,-1.0
2016-10-12,-1.0
2016-10-13,-1.0
2016-10-14,-1.0
2016-10-15,-1.0
2016-10-16,-1.0
2016-10-17,-1.0
2016-10-18,-1.0
2016-10-19,-1.0
2016-10-20,-1.0
2016-10-21,-1.0
2016-10-22,-1.0
2016-10-23,-1.0
2016-10-24,-1.0
2016-10-25,-1.0
2016-10-26,-1.0
2016-10-27,-1.0
2016-10-28,-1.0
2016-10-29,-1.0
2016-10-30,-1.0
2016-10-31,-1.0
2016-11-01,-1.0
2016-11-02,-1.0
2016-11-03,-1.0
2016-11-04,-1.0
2016-11-05,-1.0
2016-11-06,-1.0
2016-11-07,-1.0
2016-11-08,-1.0
2016-11-09,-1.0
2016-11-10,-1.0
2016-11-11,-1.0
2016-11-12,-1.0
2016-11-13,-1.0
2016-11-14,-1.0
2016-11-15,-1.0
2016-11-16,-1.0
2016-11-17,-1.0
2016-11-18,-1.0
2016-11-19,-1.0
2016-11-20,-1.0
2016-11-21,-1.0
2016-11-22,-1.0
2016-11-23,-1.0
2016-11-24,-1.0
2016-11-25,-1.0
2016-11-26,-1.0
2016-11-27,-1.0
2016-11-28,-1.0
2016-11-29,-1.0
2016-11-30,-1.0
2016-12-01,-1.0
2016-12-02,-1.0
2016-12-03,-1.0
2016-12-04,-1.0
2016-12-05,-1.0
2016-12-06,-1.0
2016-12-07,-1.0
2016-12-08,-1.0
2016-12-09,-1.0
2016-12-10,-1.0
2016-12-11,-1.0
2016-12-12,-1.0
2016-12-13,-1.0
2016-12-14,-1.0
2016-12-15,-1.0
2016-12-16,-1.0
2016-12-17,-1.0
2016-12-18,-1.0
2016-12-19,-1.0
2016-12-20,-1.0
2016-12-21,-1.0
2016-12-22,-1.0
2016-12-23,-1.0
2016-12-24,-1.0
2016-12-25,-1.0
2016-12-26,-1.0
2016-12-27,-1.0
2016-12-28,-1.0
2016-12-29,-1.0
2016-12-30,-1.0
2016-12-31,-1.0
2017-01-01,-1.0
2017-01-02,-1.0
2017-01-03,-1.0
2017-01-04,-1.0
2017-01-05,-1.0
2017-01-06,-1.0
2017-01-07,-1.0
2017-01-08,-1.0
2017-01-09,-1.0
2017-01-10,-1.0
2017-01-11,-1.0
2017-01-12,-1.0
2017-01-13,-1.0
2017-01-14,-1.0
2017-01-15,-1.0
2017-01-16,-1.0
2017-01-17,-1.0
2017-01-18,-1.0
2017-01-19,-1.0
2017-01-20,-1.0
2017-01-21,-1.0
2017-01-22,-1.0
2017-01-23,-1.0
2017-01-24,-1.0
2017-01-25,-1.0
2017-01-26,-1.0
2017-01-27,-1.0
2017-01-28,-1.0
2017-01-29,-1.0
2017-01-30,-1.0
2017-01-31,-1.0
2017-02-01,-1.0
2017-02-02,-1.0
2017-02-03,-1.0
2017-02-04,-1.0
2017-02-05,-1.0
2017-02-06,-1.0
2017-02-07,-1.0
2017-02-08,-1.0
2017-02-09,-1.0
2017-02-10,-1.0
2017-02-11,-1.0
2017-02-12,-1.0
2017-02-13,-1.0
2017-02-14,-1.0
2017-02-15,-1.0
2017-02-16,-1.0
2017-02-17,-1.0
2017-02-18,-1.0
2017-02-19,-1.0
2017-02-20,-1.0
2017-02-21,-1.0
2017-02-22,-1.0
2017-02-23,-1.0
2017-02-24,-1.0
2017-02-25,-1.0
2017-02-26,-1.0
2017-02-27,-1.0
2017-02-28,-1.0
2017-03-01,-1.0
2017-03-02,-1.0
2017-03-03,-1.0
2017-03-04,-1.0
2017-03-05,-1.0
2017-03-06,-1.0
2017-03-07,-1.0
2017-03-08,-1.0
2017-03-09,-1.0
2017-03-10,-1.0
2017-03-11,-1.0
2017-03-12,-1.0
2017-03-13,-1.0
2017-03-14,-1.0
2017-03-15,-1.0
2017-03-16,-1.0
2017-03-17,-1.0
2017-03-18,-1.0
2017-03-19,-1.0
2017-03-20,-1.0
2017-03-21,-1.0
2017-03-22,-1.0
2017-03-23,-1.0
2017-03-24,-1.0
2017-03-25,-1.0
2017-03-26,-1.0
2017-03-27,-1.0
2017-03-28,-1.0
2017-03-29,-1.0
2017-03-30,-1.0
2017-03-31,-1.0
2017-04-01,-1.0
2017-04-02,-1.0
2017-04-03,-1.0
2017-04-04,-1.0
2017-04-05,-1.0
2017-04-06,-1.0
2017-04-07,-1.0
2017-04-08,-1.0
2017-04-09,-1.0
2017-04-10,-1.0
2017-04-11,-1.0
2017-04-12,-1.0
2017-04-13,-1.0
2017-04-14,-1.0
2017-04-15,-1.0
2017-04-16,-1.0
2017-04-17,-1.0
2017-04-18,-1.0
2017-04-19,-1.0
2017-04-20,-1.0
2017-04-21,-1.0
2017-04-22,-1.0
2017-04-23,-1.0
2017-04-24,-1.0
2017-04-25,-1.0
2017-04-26,-1.0
2017-04-27,-1.0
2017-04-28,-1.0
2017-04-29,-1.0
2017-04-30,-1.0
2017-05-01,-1.0
2017-05-02,-1.0
2017-05-03,-1.0
2017-05-04,-1.0
2017-05-05,-1.0
2017-05-06,-1.0
2017-05-07,-1.0
2017-05-08,-1.0
2017-05-09,-1.0
2017-05-10,-1.0
2017-05-11,-1.0
2017-05-12,-1.0
2017-05-13,-1.0
2017-05-14,-1.0
2017-05-15,-1.0
2017-05-16,-1.0
2017-05-17,-1.0
2017-05-18,-1.0
2017-05-19,-1.0
2017-05-20,-1.0
2017-05-21,-1.0
2017-05-22,-1.0
2017-05-23,-1.0
2017-05-24,-1.0
2017-05-25,-1.0
2017-05-26,-1.0
2017-05-27,-1.0
2017-05-28,-1.0
2017-05-29,-1.0
2017-05-30,-1.0
2017-05-31,-1.0
2017-06-01,-1.0
2017-06-02,-1.0
2017-06-03,-1.0
2017-06-04,-1.0
2017-06-05,-1.0
2017-06-06,-1.0
2017-06-07,-1.0
2017-06-08,-1.0
2017-06-09,-1.0
2017-06-10,-1.0
2017-06-11,-1.0
2017-06-12,-1.0
2017-06-13,-1.0
2017-06-14,-1.0
2017-06-15,-1.0
2017-06-16,-1.0
2017-06-17,-1.0
2017-06-18,-1.0
2017-06-19,-1.0
2017-06-20,-1.0
2017-06-21,-1.0
2017-06-22,-1.0
2017-06-23,-1.0
2017-06-24,-1.0
2017-06-25,-1.0
2017-06-26,-1.0
2017-06-27,-1.0
2017-06-28,-1.0
2017-06-29,-1.0
2017-06-30,-1.0
2017-07-01,-1.0
2017-07-02,-1.0
2017-07-03,-1.0
2017-07-04,-1.0
2017-07-05,-1.0
2017-07-06,-1.0
2017-07-07,-1.0
2017-07-08,-1.0
2017-07-09,-1.0
2017-07-10,-1.0
2017-07-11,-1.0
2017-07-12,-1.0
2017-07-13,-1.0
2017-07-14,-1.0
2017-07-15,-1.0
2017-07-16,-1.0
2017-07-17,-1.0
2017-07-18,-1.0
2017-07-19,-1.0
2017-07-20,-1.0
2017-07-21,-1.0
2017-07-22,-1.0
2017-07-23,-1.0
2017-07-24,-1.0
2017-07-25,-1.0
2017-07-26,-1.0
2017-07-27,-1.0
2017-07-28,-1.0
2017-07-29,-1.0
2017-07-30,-1.0
2017-07-31,-1.0
2017-08-01,-1.0
2017-08-02,-1.0
2017-08-03,-1.0
2017-08-04,-1.0
2017-08-05,-1.0
2017-08-06,-1.0
2017-08-07,-1.0
2017-08-08,-1.0
2017-08-09,-1.0
2017-08-10,-1.0
2017-08-11,-1.0
2017-08-12,-1.0
2017-08-13,-1.0
2017-08-14,-1.0
2017-08-15,-1.0
2017-08-16,-1.0
2017-08-17,-1.0
2017-08-18,-1.0
2017-08-19,-1.0
2017-08-20,-1.0
2017-08-21,-1.0
2017-08-22,-1.0
2017-08-23,-1.0
2017-08-24,-1.0
2017-08-25,-1.0
2017-08-26,-1.0
2017-08-27,-1.0
2017-08-28,-1.0
2017-08-29,-1.0
2017-08-30,-1.0
2017-08-31,-1.0
2017-09-01,-1.0
2017-09-02,-1.0
2017-09-03,-1.0
2017-09-04,-1.0
2017-09-05,-1.0
2017-09-06,-1.0
2017-09-07,-1.0
2017-09-08,-1.0
2017-09-09,-1.0
2017-09-10,-1.0
2017-09-11,-1.0
2017-09-12,-1.0
2017-09-13,-1.0
2017-09-14,-1.0
2017-09-15,-1.0
2017-09-16,-1.0
2017-09-17,-1.0
2017-09-18,-1.0
2017-09-19,-1.0
2017-09-20,-1.0
2017-09-21,-1.0
2017-09-22,-1.0
2017-09-23,-1.0
2017-09-24,-1.0
2017-09-25,-1.0
2017-09-26,-1.0
2017-09-27,-1.0
2017-09-28,-1.0
2017-09-29,-1.0
2017-09-30,-1.0
2017-10-01,-1.0
2017-10-02,-1.0
2017-10-03,-1.0
2017-10-04,-1.0
2017-10-05,-1.0
2017-10-06,-1.0
2017-10-07,-1.0
2017-10-08,-1.0
2017-10-09,-1.0
2017-10-10,-1.0
2017-10-11,-1.0
2017-10-12,-1.0
2017-10-13,-1.0
2017-10-14,-1.0
2017-10-15,-1.0
2017-10-16,-1.0
2017-10-17,-1.0
2017-10-18,-1.0
2017-10-19,-1.0
2017-10-20,-1.0
2017-10-21,-1.0
2017-10-22,-1.0
2017-10-23,-1.0
2017-10-24,-1.0
2017-10-25,-1.0
2017-10-26,-1.0
2017-10-27,-1.0
2017-10-28,-1.0
2017-10-29,-1.0
2017-10-30,-1.0
2017-10-31,-1.0
2017-11-01,-1.0
2017-11-02,-1.0
2017-11-03,-1.0
2017-11-04,-1.0
2017-11-05,-1.0
2017-11-06,-1.0
2017-11-07,-1.0
2017-11-08,-1.0
2017-11-09,-1.0
2017-11-10,-1.0
2017-11-11,-1.0
2017-11-12,-1.0
2017-11-13,-1.0
2017-11-14,-1.0
2017-11-15,-1.0
2017-11-16,-1.0
2017-11-17,-1.0
2017-11-18,-1.0
2017-11-19,-1.0
2017-11-20,-1.0
2017-11-21,-1.0
2017-11-22,-1.0
2017-11-23,-1.0
2017-11-24,-1.0
2017-11-25,-1.0
2017-11-26,-1.0
2017-11-27,-1.0
2017-11-28,-1.0
2017-11-29,-1.0
2017-11-30,-1.0
2017-12-01,-1.0
2017-12-02,-1.0
2017-12-03,-1.0
2017-12-04,-1.0
2017-12-05,-1.0
2017-12-06,-1.0
2017-12-07,-1.0
2017-12-08,-1.0
2017-12-09,-1.0
2017-12-10,-1.0
2017-12-11,-1.0
2017-12-12,-1.0
2017-12-13,-1.0
2017-12-14,-1.0
2017-12-15,-1.0
2017-12-16,-1.0
2017-12-17,-1.0
2017-12-18,-1.0
2017-12-19,-1.0
2017-12-20,-1.0
2017-12-21,-1.0
2017-12-22,-1.0
2017-12-23,-1.0
2017-12-24,-1.0
2017-12-25,-1.0
2017-12-26,-1.0
2017-12-27,-1.0
2017-12-28,-1.0
2017-12-29,-1.0
2017-12-30,-1.0
2017-12-31,-1.0
2018-01-01,-1.0
2018-01-02,-1.0
2018-01-03,-1.0
2018-01-04,-1.0
2018-01-05,-1.0
2018-01-06,-1.0
2018-01-07,-1.0
2018-01-08,-1.0
2018-01-09,-1.0
2018-01-10,-1.0
2018-01-11,-1.0
2018-01-12,-1.0
2018-01-13,-1.0
2018-01-14,-1.0
2018-01-15,-1.0
2018-01-16,-1.0
2018-01-17,-1.0
2018-01-18,-1.0
2018-01-19,-1.0
2018-01-20,-1.0
2018-01-21,-1.0
2018-01-22,-1.0
2018-01-23,-1.0
2018-01-24,-1.0
2018-01-25,-1.0
2018-01-26,-1.0
2018-01-27,-1.0
2018-01-28,-1.0
2018-01-29,-1.0
2018-01-30,-1.0
2018-01-31,-1.0
2018-02-01,-1.0
2018-02-02,-1.0
2018-02-03,-1.0
2018-02-04,-1.0
2018-02-05,-1.0
2018-02-06,-1.0
2018-02-07,-1.0
2018-02-08,-1.0
2018-02-09,-1.0
2018-02-10,-1.0
2018-02-11,-1.0
2018-02-12,-1.0
2018-02-13,-1.0
2018-02-14,-1.0
2018-02-15,-1.0
2018-02-16,-1.0
2018-02-17,-1.0
2018-02-18,-1.0
2018-02-19,-1.0
2018-02-20,-1.0
2018-02-21,-1.0
2018-02-22,-1.0
2018-02-23,-1.0
2018-02-24,-1.0
2018-02-25,-1.0
2018-02-26,-1.0
2018-02-27,-1.0
2018-02-28,-1.0
2018-03-01,-1.0
2018-03-02,-1.0
2018-03-03,-1.0
2018-03-04,-1.0
2018-03-05,-1.0
2018-03-06,-1.0
2018-03-07,-1.0
2018-03-08,-1.0
2018-03-09,-1.0
2018-03-10,-1.0
2018-03-11,-1.0
2018-03-12,-1.0
2018-03-13,-1.0
2018-03-14,-1.0
2018-03-15,-1.0
2018-03-16,-1.0
2018-03-17,-1.0
2018-03-18,-1.0
2018-03-19,-1.0
2018-03-20,-1.0
2018-03-21,-1.0
2018-03-22,-1.0
2018-03-23,-1.0
2018-03-24,-1.0
2018-03-25,-1.0
2018-03-26,-1.0
2018-03-27,-1.0
2018-03-28,-1.0
2018-03-29,-1.0
2018-03-30,-1.0
2018-03-31,-1.0
2018-04-01,-1.0
2018-04-02,-1.0
2018-04-03,-1.0
2018-04-04,-1.0
2018-04-05,-1.0
2018-04-06,-1.0
2018-04-07,-1.0
2018-04-08,-1.0
2018-04-09,-1.0
2018-04-10,-1.0
2018-04-11,-1.0
2018-04-12,0.0
2018-04-13,0.0
2018-04-14,-1.0
2018-04-15,-1.0
2018-04-16,-1.0
2018-04-19,-1.0
2018-04-20,-1.0
2018-04-21,-1.0
2018-04-22,-1.0
2018-04-23,-1.0
2018-04-24,-1.0
2018-04-25,-1.0
2018-04-26,-1.0
2018-04-27,-1.0
2018-04-28,-1.0
2018-04-29,-1.0
2018-04-30,-1.0
2018-05-01,-1.0
2018-05-02,-1.0
2018-05-03,-1.0
2018-05-04,-1.0
2018-05-05,-1.0
2018-05-06,-1.0
2018-05-07,-1.0
2018-05-08,-1.0
2018-05-09,-1.0
2018-05-10,-1.0
2018-05-11,-1.0
2018-05-13,-1.0
2018-05-14,-1.0
2018-05-15,-1.0
2018-05-16,-1.0
2018-05-17,-1.0
2018-05-18,-1.0
2018-05-19,-1.0
2018-05-20,-1.0
2018-05-21,-1.0
2018-05-22,-1.0
2018-05-23,-1.0
2018-05-24,-1.0
2018-05-25,-1.0
2018-05-26,-1.0
2018-05-27,-1.0
2018-05-28,-1.0
2018-05-29,-1.0
2018-05-30,-1.0
2018-05-31,-1.0
2018-06-01,-1.0
2018-06-02,-1.0
2018-06-03,-1.0
2018-06-04,-1.0
2018-06-05,-1.0
2018-06-06,-1.0
2018-06-07,-1.0
2018-06-08,-1.0
2018-06-09,-1.0
2018-06-10,-1.0
2018-06-11,-1.0
2018-06-12,-1.0
2018-06-13,-1.0
2018-06-14,-1.0
2018-06-15,-1.0
2018-06-16,-1.0
2018-06-17,-1.0
2018-06-18,-1.0
2018-06-19,-1.0
2018-06-20,-1.0
2018-06-21,-1.0
2018-06-22,-1.0
2018-06-23,-1.0
2018-06-24,-1.0
2018-06-25,-1.0
2018-06-26,-1.0
2018-06-27,-1.0
2018-06-28,-1.0
2018-06-29,-1.0
2018-06-30,-1.0
2018-07-01,-1.0
2018-07-02,-1.0
2018-07-03,-1.0
2018-07-04,-1.0
2018-07-05,-1.0
2018-07-06,-1.0
2018-07-07,-1.0
2018-07-08,-1.0
2018-07-09,-1.0
2018-07-10,-1.0
2018-07-11,-1.0
2018-07-12,-1.0
2018-07-13,-1.0
2018-07-14,-1.0
2018-07-15,-1.0
2018-07-16,-1.0
2018-07-17,-1.0
2018-07-18,-1.0
2018-07-19,-1.0
2018-07-20,-1.0
2018-07-21,-1.0
2018-07-22,-1.0
2018-07-23,-1.0
2018-07-24,-1.0
2018-07-25,-1.0
2018-07-26,-1.0
2018-07-27,-1.0
2018-07-28,-1.0
2018-07-29,-1.0
2018-07-30,-1.0
2018-07-31,-1.0
2018-08-01,-1.0
2018-08-02,-1.0
2018-08-03,-1.0
2018-08-04,-1.0
2018-08-05,-1.0
2018-08-06,-1.0
2018-08-07,-1.0
2018-08-08,-1.0
2018-08-09,-1.0
2018-08-10,-1.0
2018-08-11,-1.0
2018-08-12,-1.0
2018-08-13,-1.0
2018-08-14,-1.0
2018-08-15,-1.0
2018-08-16,-1.0
2018-08-17,-1.0
2018-08-18,-1.0
2018-08-19,-1.0
2018-08-20,-1.0
2018-08-21,-1.0
2018-08-22,-1.0
2018-08-23,-1.0
2018-08-24,-1.0
2018-08-25,-1.0
2018-08-26,-1.0
2018-08-27,-1.0
2018-08-28,-1.0
2018-08-29,-1.0
2018-08-30,-1.0
2018-08-31,-1.0
2018-09-01,-1.0
2018-09-02,-1.0
2018-09-03,-1.0
2018-09-04,-1.0
2018-09-05,-1.0
2018-09-06,-1.0
2018-09-07,-1.0
2018-09-08,-1.0
2018-09-09,-1.0
2018-09-10,-1.0
2018-09-11,-1.0
2018-09-12,-1.0
2018-09-13,-1.0
2018-09-14,-1.0
2018-09-15,-1.0
2018-09-16,-1.0
2018-09-17,-1.0
2018-09-18,-1.0
2018-09-19,-1.0
2018-09-20,-1.0
2018-09-21,-1.0
2018-09-22,-1.0
2018-09-23,-1.0
2018-09-24,-1.0
2018-09-25,-1.0
2018-09-26,-1.0
2018-09-27,-1.0
2018-09-28,-1.0
2018-09-29,-1.0
2018-09-30,-1.0
2018-10-01,-1.0
2018-10-02,-1.0
2018-10-03,-1.0
2018-10-04,-1.0
2018-10-05,-1.0
2018-10-06,-1.0
2018-10-07,-1.0
2018-10-08,-1.0
2018-10-09,-1.0
2018-10-10,-1.0
2018-10-11,-1.0
2018-10-12,-1.0
2018-10-13,-1.0
2018-10-14,-1.0
2018-10-15,-1.0
2018-10-16,-1.0
2018-10-17,-1.0
2018-10-18,-1.0
2018-10-19,-1.0
2018-10-20,-1.0
2018-10-21,-1.0
2018-10-22,-1.0
2018-10-23,-1.0
2018-10-24,-1.0
2018-10-25,-1.0
2018-10-26,-1.0
2018-10-27,-1.0
2018-10-28,-1.0
2018-10-29,-1.0
2018-10-30,-1.0
2018-10-31,-1.0
2018-11-01,-1.0
2018-11-02,-1.0
2018-11-03,-1.0
2018-11-04,-1.0
2018-11-05,-1.0
2018-11-06,-1.0
2018-11-07,-1.0
2018-11-08,-1.0
2018-11-09,-1.0
2018-11-10,-1.0
2018-11-11,-1.0
2018-11-12,-1.0
2018-11-13,-1.0
2018-11-14,-1.0
2018-11-15,-1.0
2018-11-16,-1.0
2018-11-17,-1.0
2018-11-18,-1.0
2018-11-19,-1.0
2018-11-20,-1.0
2018-11-21,-1.0
2018-11-22,-1.0
2018-11-23,-1.0
2018-11-24,-1.0
2018-11-25,-1.0
2018-11-26,-1.0
2018-11-27,-1.0
2018-11-28,-1.0
2018-11-29,-1.0
2018-11-30,-1.0
2018-12-01,-1.0
2018-12-02,-1.0
2018-12-03,-1.0
2018-12-04,-1.0
2018-12-05,-1.0
2018-12-06,-1.0
2018-12-07,-1.0
2018-12-08,-1.0
2018-12-09,-1.0
2018-12-10,-1.0
2018-12-11,-1.0
2018-12-12,-1.0
2018-12-13,-1.0
2018-12-14,-1.0
2018-12-15,-1.0
2018-12-16,-1.0
2018-12-17,-1.0
2018-12-18,-1.0
2018-12-19,-1.0
2018-12-20,-1.0
2018-12-21,-1.0
2018-12-22,-1.0
2018-12-23,-1.0
2018-12-24,-1.0
2018-12-25,-1.0
2018-12-26,-1.0
2018-12-27,-1.0
2018-12-28,-1.0
2018-12-29,-1.0
2018-12-30,-1.0
2018-12-31,-1.0
2019-01-01,-1.0
2019-01-02,-1.0
2019-01-03,-1.0
2019-01-04,-1.0
2019-01-05,-1.0
2019-01-06,-1.0
2019-01-07,-1.0
2019-01-08,-1.0
2019-01-09,-1.0
2019-01-10,-1.0
2019-01-11,-1.0
2019-01-12,-1.0
2019-01-13,-1.0
2019-01-14,-1.0
2019-01-15,-1.0
2019-01-16,-1.0
2019-01-17,-1.0
2019-01-18,-1.0
2019-01-19,-1.0
2019-01-20,-1.0
2019-01-21,-1.0
2019-01-22,-1.0
2019-01-23,-1.0
2019-01-24,-1.0
2019-01-25,-1.0
2019-01-26,-1.0
2019-01-27,-1.0
2019-01-28,-1.0
2019-01-29,-1.0
2019-01-30,-1.0
2019-01-31,-1.0
2019-02-01,-1.0
2019-02-02,-1.0
2019-02-03,-1.0
2019-02-04,-1.0
2019-02-05,-1.0
2019-02-06,-1.0
2019-02-07,-1.0
2019-02-08,-1.0
2019-02-09,-1.0
2019-02-10,-1.0
2019-02-11,-1.0
2019-02-12,-1.0
2019-02-13,-1.0
2019-02-14,-1.0
2019-02-15,-1.0
2019-02-16,-1.0
2019-02-17,-1.0
2019-02-18,-1.0
2019-02-19,-1.0
2019-02-20,-1.0
2019-02-21,-1.0
2019-02-22,-1.0
2019-02-23,-1.0
2019-02-24,-1.0
2019-02-25,-1.0
2019-02-26,-1.0
2019-02-27,-1.0
2019-02-28,-1.0
2019-03-01,-1.0
2019-03-02,-1.0
2019-03-03,-1.0
2019-03-04,-1.0
2019-03-05,-1.0
2019-03-06,-1.0
2019-03-07,-1.0
2019-03-08,-1.0
2019-03-09,-1.0
2019-03-10,-1.0
2019-03-11,-1.0
2019-03-12,-1.0
2019-03-13,-1.0
2019-03-14,-1.0
2019-03-15,-1.0
2019-03-16,-1.0
2019-03-17,-1.0
2019-03-18,-1.0
2019-03-19,-1.0
2019-03-20,-1.0
2019-03-21,-1.0
2019-03-22,-1.0
2019-03-23,-1.0
2019-03-24,-1.0
2019-03-25,-1.0
2019-03-26,-1.0
2019-03-27,-1.0
2019-03-28,-1.0
2019-03-29,-1.0
2019-03-30,-1.0
2019-03-31,-1.0
2019-04-01,-1.0
2019-04-02,-1.0
2019-04-03,-1.0
2019-04-04,-1.0
2019-04-05,-1.0
2019-04-06,-1.0
2019-04-07,-1.0
2019-04-08,-1.0
2019-04-09,-1.0
2019-04-10,-1.0
2019-04-11,-1.0
2019-04-12,-1.0
2019-04-13,-1.0
2019-04-14,-1.0
2019-04-15,-1.0
2019-04-16,-1.0
2019-04-18,-1.0
2019-04-19,-1.0
2019-04-20,-1.0
2019-04-21,-1.0
2019-04-22,-1.0
2019-04-24,-1.0
2019-04-25,-1.0
2019-04-26,-1.0
2019-04-27,-1.0
2019-04-28,-1.0
2019-04-29,-1.0
2019-04-30,-1.0
2019-05-01,-1.0
2019-05-02,-1.0
2019-05-03,-1.0
2019-05-04,-1.0
2019-05-05,-1.0
2019-05-06,-1.0
2019-05-07,-1.0
2019-05-08,-1.0
2019-05-09,-1.0
2019-05-10,-1.0
2019-05-11,-1.0
2019-05-12,-1.0
2019-05-13,-1.0
2019-05-14,-1.0
2019-05-15,-1.0
2019-05-16,-1.0
2019-05-17,-1.0
2019-05-18,-1.0
2019-05-19,-1.0
2019-05-20,-1.0
2019-05-21,-1.0
2019-05-22,-1.0
2019-05-23,-1.0
2019-05-24,-1.0
2019-05-25,-1.0
2019-05-26,-1.0
2019-05-27,-1.0
2019-05-28,-1.0
2019-05-29,-1.0
2019-05-30,-1.0
2019-05-31,-1.0
2019-06-01,-1.0
2019-06-02,-1.0
2019-06-03,-1.0
2019-06-04,-1.0
2019-06-05,-1.0
2019-06-06,-1.0
2019-06-07,-1.0
2019-06-08,-1.0
2019-06-09,-1.0
2019-06-10,-1.0
2019-06-11,-1.0
2019-06-12,-1.0
2019-06-13,-1.0
2019-06-14,-1.0
2019-06-15,-1.0
2019-06-16,-1.0
2019-06-17,-1.0
2019-06-18,-1.0
2019-06-19,-1.0
2019-06-20,-1.0
2019-06-21,-1.0
2019-06-22,-1.0
2019-06-23,-1.0
2019-06-24,-1.0
2019-06-25,-1.0
2019-06-26,-1.0
2019-06-27,-1.0
2019-06-28,-1.0
2019-06-29,-1.0
2019-06-30,-1.0
2019-07-01,-1.0
2019-07-02,-1.0
2019-07-03,-1.0
2019-07-04,-1.0
2019-07-05,-1.0
2019-07-06,-1.0
2019-07-07,-1.0
2019-07-08,-1.0
2019-07-09,-1.0
2019-07-10,-1.0
2019-07-11,-1.0
2019-07-12,-1.0
2019-07-13,-1.0
2019-07-14,-1.0
2019-07-15,-1.0
2019-07-16,-1.0
2019-07-17,-1.0
2019-07-18,-1.0
2019-07-19,-1.0
2019-07-20,-1.0
2019-07-21,-1.0
2019-07-22,-1.0
2019-07-23,-1.0
2019-07-24,-1.0
2019-07-25,-1.0
2019-07-26,-1.0
2019-07-27,-1.0
2019-07-28,-1.0
2019-07-29,-1.0
2019-07-30,-1.0
2019-07-31,-1.0
2019-08-01,-1.0
2019-08-02,-1.0
2019-08-03,-1.0
2019-08-04,-1.0
2019-08-05,-1.0
2019-08-06,-1.0
2019-08-07,-1.0
2019-08-08,-1.0
2019-08-09,-1.0
2019-08-10,-1.0
2019-08-11,-1.0
2019-08-12,-1.0
2019-08-13,-1.0
2019-08-15,-1.0
2019-08-16,-1.0
2019-08-17,-1.0
2019-08-18,-1.0
2019-08-19,-1.0
2019-08-20,-1.0
2019-08-21,-1.0
2019-08-22,-1.0
2019-08-23,-1.0
2019-08-24,-1.0
2019-08-25,-1.0
2019-08-26,-1.0
2019-08-27,-1.0
2019-08-28,-1.0
2019-08-29,-1.0
2019-08-30,-1.0
2019-08-31,-1.0
2019-09-01,-1.0
2019-09-02,-1.0
2019-09-03,-1.0
2019-09-04,-1.0
2019-09-05,-1.0
2019-09-06,-1.0
2019-09-07,-1.0
2019-09-08,-1.0
2019-09-09,-1.0
2019-09-10,-1.0
2019-09-11,-1.0
2019-09-12,-1.0
2019-09-13,-1.0
2019-09-14,-1.0
2019-09-15,-1.0
2019-09-16,-1.0
2019-09-17,-1.0
2019-09-18,-1.0
2019-09-19,-1.0
2019-09-20,-1.0
2019-09-21,-1.0
2019-09-22,-1.0
2019-09-23,-1.0
2019-09-24,-1.0
2019-09-25,-1.0
2019-09-26,-1.0
2019-09-27,-1.0
2019-09-28,-1.0
2019-09-29,-1.0
2019-09-30,-1.0
2019-10-01,-1.0
2019-10-02,-1.0
2019-10-03,-1.0
2019-10-04,-1.0
2019-10-05,-1.0
2019-10-06,-1.0
2019-10-07,-1.0
2019-10-08,-1.0
2019-10-09,-1.0
2019-10-10,-1.0
2019-10-11,-1.0
2019-10-12,-1.0
2019-10-13,-1.0
2019-10-14,-1.0
2019-10-15,-1.0
2019-10-16,-1.0
2019-10-17,-1.0
2019-10-18,-1.0
2019-10-20,-1.0
2019-10-21,-1.0
2019-10-22,-1.0
2019-10-23,-1.0
2019-10-24,-1.0
2019-10-25,-1.0
2019-10-26,-1.0
2019-10-27,-1.0
2019-10-28,-1.0
2019-10-29,-1.0
2019-10-30,-1.0
2019-10-31,-1.0
2019-11-01,-1.0
2019-11-02,-1.0
2019-11-03,-1.0
2019-11-04,-1.0
2019-11-05,-1.0
2019-11-06,-1.0
2019-11-07,-1.0
2019-11-08,-1.0
2019-11-09,-1.0
2019-11-10,-1.0
2019-11-11,-1.0
2019-11-12,-1.0
2019-11-13,-1.0
2019-11-14,-1.0
2019-11-15,-1.0
2019-11-16,-1.0
2019-11-17,-1.0
2019-11-18,-1.0
2019-11-19,-1.0
2019-11-20,-1.0
2019-11-21,-1.0
2019-11-22,-1.0
2019-11-23,-1.0
2019-11-24,-1.0
2019-11-25,-1.0
2019-11-26,-1.0
2019-11-27,-1.0
2019-11-28,-1.0
2019-11-30,-1.0
2019-12-01,-1.0
2019-12-02,-1.0
2019-12-03,-1.0
2019-12-04,-1.0
2019-12-05,-1.0
2019-12-06,-1.0
2019-12-07,-1.0
2019-12-08,-1.0
2019-12-09,-1.0
2019-12-10,-1.0
2019-12-11,-1.0
2019-12-12,-1.0
2019-12-13,-1.0
2019-12-14,-1.0
2019-12-15,-1.0
2019-12-16,-1.0
2019-12-17,-1.0
2019-12-18,-1.0
2019-12-19,-1.0
2019-12-20,-1.0
2019-12-21,-1.0
2019-12-22,-1.0
2019-12-23,-1.0
2019-12-24,-1.0
2019-12-25,-1.0
2019-12-26,-1.0
2019-12-27,-1.0
2019-12-28,-1.0
2019-12-29,-1.0
2019-12-30,-1.0
2019-12-31,-1.0
2020-01-01,-1.0
2020-01-02,-1.0
2020-01-03,-1.0
2020-01-04,-1.0
2020-01-05,-1.0
2020-01-06,-1.0
2020-01-07,-1.0
2020-01-08,-1.0
2020-01-09,-1.0
2020-01-10,-1.0
2020-01-11,-1.0
2020-01-12,-1.0
2020-01-13,-1.0
2020-01-14,-1.0
2020-01-15,-1.0
2020-01-16,-1.0
2020-01-17,-1.0
2020-01-18,-1.0
2020-01-19,-1.0
2020-01-20,-1.0
2020-01-21,-1.0
2020-01-22,-1.0
2020-01-23,-1.0
2020-01-24,-1.0
2020-01-25,-1.0
2020-01-26,-1.0
2020-01-27,-1.0
2020-01-28,-1.0
2020-01-29,-1.0
2020-01-30,-1.0
2020-01-31,-1.0
2020-02-01,-1.0
2020-02-02,-1.0
2020-02-03,-1.0
2020-02-04,-1.0
2020-02-05,-1.0
2020-02-06,-1.0
2020-02-07,-1.0
2020-02-08,-1.0
2020-02-09,-1.0
2020-02-10,-1.0
2020-02-11,-1.0
2020-02-12,-1.0
2020-02-13,-1.0
2020-02-14,-1.0
2020-02-15,-1.0
2020-02-16,-1.0
2020-02-17,-1.0
2020-02-18,-1.0
2020-02-19,-1.0
2020-02-20,-1.0
2020-02-21,-1.0
2020-02-22,-1.0
2020-02-23,-1.0
2020-02-24,-1.0
2020-02-25,-1.0
2020-02-26,-1.0
2020-02-27,-1.0
2020-02-28,-1.0
2020-02-29,-1.0
2020-03-01,-1.0
2020-03-02,-1.0
2020-03-03,-1.0
2020-03-04,-1.0
2020-03-05,-1.0
2020-03-06,-1.0
2020-03-07,-1.0
2020-03-08,-1.0
2020-03-09,-1.0
2020-03-10,-1.0
2020-03-11,-1.0
2020-03-12,-1.0
2020-03-13,-1.0
2020-03-14,-1.0
2020-03-15,-1.0
2020-03-16,-1.0
2020-03-17,-1.0
2020-03-18,-1.0
2020-03-20,-1.0
2020-03-21,-1.0
2020-03-23,-1.0
2020-03-24,-1.0
2020-03-25,-1.0
2020-03-26,-1.0
2020-03-27,-1.0
2020-03-28,-1.0
2020-03-29,-1.0
2020-03-30,-1.0
2020-03-31,-1.0
2020-04-01,-1.0
2020-04-02,-1.0
2020-04-03,-1.0
2020-04-04,-1.0
2020-04-05,-1.0
2020-04-06,-1.0
2020-04-07,-1.0
2020-04-08,-1.0
2020-04-09,-1.0
2020-04-10,-1.0
2020-04-11,-1.0
2020-04-12,-1.0
2020-04-13,-1.0
2020-04-14,-1.0
2020-04-16,-1.0
2020-04-17,-1.0
2020-04-18,-1.0
2020-04-19,-1.0
2020-04-20,-1.0
2020-04-21,-1.0
2020-04-22,-1.0
2020-04-23,-1.0
2020-04-24,-1.0
2020-04-25,-1.0
2020-04-26,-1.0
2020-04-27,-1.0
2020-04-28,-1.0
2020-04-29,-1.0
2020-04-30,-1.0
2020-05-01,-1.0
2020-05-02,-1.0
2020-05-03,-1.0
2020-05-04,-1.0
2020-05-05,-1.0
2020-05-06,-1.0
2020-05-07,-1.0
2020-05-08,-1.0
2020-05-09,-1.0
2020-05-10,-1.0
2020-05-11,-1.0
2020-05-12,-1.0
2020-05-13,-1.0
2020-05-14,-1.0
2020-05-15,-1.0
2020-05-16,-1.0
2020-05-17,-1.0
2020-05-18,-1.0
2020-05-19,-1.0
2020-05-20,-1.0
2020-05-21,-1.0
2020-05-22,-1.0
2020-05-23,-1.0
2020-05-24,-1.0
2020-05-25,-1.0
2020-05-26,-1.0
2020-05-27,-1.0
2020-05-28,-1.0
2020-05-29,-1.0
2020-05-30,-1.0
2020-05-31,-1.0
2020-06-01,-1.0
2020-06-02,-1.0
2020-06-03,-1.0
2020-06-04,-1.0
2020-06-05,-1.0
2020-06-06,-1.0
2020-06-07,-1.0
2020-06-08,-1.0
2020-06-09,-1.0
2020-06-10,-1.0
2020-06-11,-1.0
2020-06-12,-1.0
2020-06-13,-1.0
2020-06-14,-1.0
2020-06-15,-1.0
2020-06-16,-1.0
2020-06-17,-1.0
2020-06-18,-1.0
2020-06-19,-1.0
2020-06-20,-1.0
2020-06-21,-1.0
2020-06-22,-1.0
2020-06-23,-1.0
2020-06-24,-1.0
2020-06-25,-1.0
2020-06-26,-1.0
2020-06-27,-1.0
2020-06-28,-1.0
2020-06-29,-1.0
2020-06-30,-1.0
2020-07-01,-1.0
2020-07-02,-1.0
2020-07-03,-1.0
2020-07-04,-1.0
2020-07-05,-1.0
2020-07-06,-1.0
2020-07-07,-1.0
2020-07-08,-1.0
2020-07-09,-1.0
2020-07-10,-1.0
2020-07-11,-1.0
2020-07-12,-1.0
2020-07-13,-1.0
2020-07-14,-1.0
2020-07-15,-1.0
2020-07-16,-1.0
2020-07-17,-1.0
2020-07-18,-1.0
2020-07-19,-1.0
2020-07-20,-1.0
2020-07-21,-1.0
2020-07-22,-1.0
2020-07-23,-1.0
2020-07-24,-1.0
2020-07-25,-1.0
2020-07-26,-1.0
2020-07-27,-1.0
2020-07-28,-1.0
2020-07-29,-1.0
2020-07-30,-1.0
2020-07-31,-1.0
2020-08-01,-1.0
2020-08-02,-1.0
2020-08-03,-1.0
2020-08-04,-1.0
2020-08-05,-1.0
2020-08-06,-1.0
2020-08-07,-1.0
2020-08-08,-1.0
2020-08-09,-1.0
2020-08-10,-1.0
2020-08-11,-1.0
2020-08-12,-1.0
2020-08-13,-1.0
2020-08-14,-1.0
2020-08-15,-1.0
2020-08-16,-1.0
2020-08-17,-1.0
2020-08-18,-1.0
2020-08-19,-1.0
2020-08-20,-1.0
2020-08-21,-1.0
2020-08-22,-1.0
2020-08-23,-1.0
2020-08-24,-1.0
2020-08-25,-1.0
2020-08-26,-1.0
2020-08-27,-1.0
2020-08-28,-1.0
2020-08-29,-1.0
2020-08-30,-1.0
2020-08-31,-1.0
2020-09-01,-1.0
2020-09-02,-1.0
2020-09-03,-1.0
2020-09-04,-1.0
2020-09-05,-1.0
2020-09-06,-1.0
2020-09-07,-1.0
2020-09-08,-1.0
2020-09-09,-1.0
2020-09-10,-1.0
2020-09-11,-1.0
2020-09-12,-1.0
2020-09-13,-1.0
2020-09-14,-1.0
2020-09-15,-1.0
2020-09-16,-1.0
2020-09-17,-1.0
2020-09-18,-1.0
2020-09-19,-1.0
2020-09-20,-1.0
2020-09-21,-1.0
2020-09-22,-1.0
2020-09-23,-1.0
2020-09-24,-1.0
2020-09-25,-1.0
2020-09-26,-1.0
2020-09-27,-1.0
2020-09-28,-1.0
2020-09-29,-1.0
2020-09-30,-1.0
2020-10-01,-1.0
2020-10-02,-1.0
2020-10-03,-1.0
2020-10-04,-1.0
2020-10-05,-1.0
2020-10-06,-1.0
2020-10-07,-1.0
2020-10-08,-1.0
2020-10-09,-1.0
2020-10-10,-1.0
2020-10-11,-1.0
2020-10-12,-1.0
2020-10-13,-1.0
2020-10-14,-1.0
2020-10-15,-1.0
2020-10-16,0.0
2020-10-17,-1.0
2020-10-18,-1.0
2020-10-19,-1.0
2020-10-20,-1.0
2020-10-21,0.0
2020-10-22,-1.0
2020-10-23,-1.0
2020-10-24,-1.0
2020-10-25,-1.0
2020-10-26,-1.0
2020-10-27,-1.0
2020-10-28,0.0
2020-10-29,-1.0
2020-10-30,0.0
2020-10-31,-1.0
2020-11-01,-1.0
2020-11-02,-1.0
2020-11-03,-1.0
2020-11-04,-1.0
2020-11-05,-1.0
2020-11-06,-1.0
2020-11-07,-1.0
2020-11-08,-1.0
2020-11-09,-1.0
2020-11-10,-1.0
2020-11-11,-1.0
2020-11-12,-1.0
2020-11-13,-1.0
2020-11-14,-1.0
2020-11-15,-1.0
2020-11-16,-1.0
2020-11-17,-1.0
2020-11-18,-1.0
2020-11-19,-1.0
2020-11-20,-1.0
2020-11-21,-1.0
2020-11-22,-1.0
2020-11-23,-1.0
2020-11-24,-1.0
2020-11-25,-1.0
2020-11-26,-1.0
2020-11-27,-1.0
2020-11-28,-1.0
2020-11-29,-1.0
2020-11-30,-1.0
2020-12-01,-1.0
2020-12-02,-1.0
2020-12-03,-1.0
2020-12-04,-1.0
2020-12-05,-1.0
2020-12-06,-1.0
2020-12-07,-1.0
2020-12-08,-1.0
2020-12-09,-1.0
2020-12-10,-1.0
2020-12-11,-1.0
2020-12-12,-1.0
2020-12-13,-1.0
2020-12-14,-1.0
2020-12-15,-1.0
2020-12-16,-1.0
2020-12-17,-1.0
2020-12-18,-1.0
2020-12-19,-1.0
2020-12-20,-1.0
2020-12-21,-1.0
2020-12-22,-1.0
2020-12-23,-1.0
2020-12-24,-1.0
2020-12-25,-1.0
2020-12-26,-1.0
2020-12-27,-1.0
2020-12-28,-1.0
2020-12-29,-1.0
2020-12-30,-1.0
2020-12-31,-1.0
2021-01-01,-1.0
2021-01-02,-1.0
2021-01-03,-1.0
2021-01-04,-1.0
2021-01-05,-1.0
2021-01-06,-1.0
2021-01-07,-1.0
2021-01-08,-1.0
2021-01-09,-1.0
2021-01-10,-1.0
2021-01-11,-1.0
2021-01-12,-1.0
2021-01-13,-1.0
2021-01-14,-1.0
2021-01-15,-1.0
2021-01-16,-1.0
2021-01-17,-1.0
2021-01-18,-1.0
2021-01-19,-1.0
2021-01-20,-1.0
2021-01-21,-1.0
2021-01-22,-1.0
2021-01-23,-1.0
2021-01-24,-1.0
2021-01-25,-1.0
2021-01-26,-1.0
2021-01-27,-1.0
2021-01-28,-1.0
2021-01-29,-1.0
2021-01-30,-1.0
2021-01-31,-1.0
2021-02-01,-1.0
2021-02-02,-1.0
2021-02-03,-1.0
2021-02-04,-1.0
2021-02-05,-1.0
2021-02-06,-1.0
2021-02-07,-1.0
2021-02-08,-1.0
2021-02-09,0.0
2021-02-10,-1.0
2021-02-11,-1.0
2021-02-12,-1.0
2021-02-13,-1.0
2021-02-14,-1.0
2021-02-15,-1.0
2021-02-16,-1.0
2021-02-17,-1.0
2021-02-18,-1.0
2021-02-19,-1.0
2021-02-20,-1.0
2021-02-21,-1.0
2021-02-22,-1.0
2021-02-23,-1.0
2021-02-24,-1.0
2021-02-25,-1.0
2021-02-26,-1.0
2021-02-27,-1.0
2021-02-28,-1.0
2021-03-01,-1.0
2021-03-02,-1.0
2021-03-03,-1.0
2021-03-04,-1.0
2021-03-05,-1.0
2021-03-06,-1.0
2021-03-07,-1.0
2021-03-08,-1.0
2021-03-09,-1.0
2021-03-10,-1.0
2021-03-11,-1.0
2021-03-12,-1.0
2021-03-13,-1.0
2021-03-14,-1.0
2021-03-15,-1.0
2021-03-16,-1.0
2021-03-17,-1.0
2021-03-18,-1.0
2021-03-19,-1.0
2021-03-20,-1.0
2021-03-21,-1.0
2021-03-22,-1.0
2021-03-23,-1.0
2021-03-24,-1.0
2021-03-25,-1.0
2021-03-26,-1.0
2021-03-27,-1.0
2021-03-28,-1.0
2021-03-29,-1.0
2021-03-30,-1.0
2021-03-31,-1.0
2021-04-01,-1.0
2021-04-02,-1.0
2021-04-03,-1.0
2021-04-04,-1.0
2021-04-05,-1.0
2021-04-06,-1.0
2021-04-07,-1.0
2021-04-08,-1.0
2021-04-09,-1.0
2021-04-10,-1.0
2021-04-11,-1.0
2021-04-12,-1.0
2021-04-13,-1.0
2021-04-14,-1.0
2021-04-15,-1.0
2021-04-16,-1.0
2021-04-17,-1.0
2021-04-18,-1.0
2021-04-19,-1.0
2021-04-20,-1.0
2021-04-21,-1.0
2021-04-22,-1.0
2021-04-23,-1.0
2021-04-24,-1.0
2021-04-25,-1.0
2021-04-26,-1.0
2021-04-27,-1.0
2021-04-28,-1.0
2021-04-29,-1.0
2021-04-30,-1.0
2021-05-01,-1.0
2021-05-02,-1.0
2021-05-03,-1.0
2021-05-04,-1.0
2021-05-05,-1.0
2021-05-06,-1.0
2021-05-07,-1.0
2021-05-08,-1.0
2021-05-09,-1.0
2021-05-10,-1.0
2021-05-11,-1.0
2021-05-12,-1.0
2021-05-13,-1.0
2021-05-14,-1.0
2021-05-15,-1.0
2021-05-16,-1.0
2021-05-17,-1.0
2021-05-18,-1.0
2021-05-19,-1.0
2021-05-20,-1.0
2021-05-21,-1.0
